date,unit,metric,value
2022-01-03,Unit_Alpha,headcount,121.2
2022-01-03,Unit_Alpha,workload_volume,422.5
2022-01-03,Unit_Alpha,leave_usage,8.2
2022-01-03,Unit_Alpha,grievances,0.0
2022-01-03,Unit_Alpha,workers_comp_claims,0.0
2022-01-03,Unit_Alpha,attrition,2.6
2022-01-10,Unit_Alpha,headcount,119.7
2022-01-10,Unit_Alpha,workload_volume,504.8
2022-01-10,Unit_Alpha,leave_usage,9.5
2022-01-10,Unit_Alpha,grievances,0.9
2022-01-10,Unit_Alpha,workers_comp_claims,0.7
2022-01-10,Unit_Alpha,attrition,2.2
2022-01-17,Unit_Alpha,headcount,121.6
2022-01-17,Unit_Alpha,workload_volume,449.7
2022-01-17,Unit_Alpha,leave_usage,4.8
2022-01-17,Unit_Alpha,grievances,0.0
2022-01-17,Unit_Alpha,workers_comp_claims,0.1
2022-01-17,Unit_Alpha,attrition,1.3
2022-01-24,Unit_Alpha,headcount,123.7
2022-01-24,Unit_Alpha,workload_volume,527.9
2022-01-24,Unit_Alpha,leave_usage,8.2
2022-01-24,Unit_Alpha,grievances,2.0
2022-01-24,Unit_Alpha,workers_comp_claims,0.7
2022-01-24,Unit_Alpha,attrition,0.8
2022-01-31,Unit_Alpha,headcount,119.4
2022-01-31,Unit_Alpha,workload_volume,459.6
2022-01-31,Unit_Alpha,leave_usage,9.4
2022-01-31,Unit_Alpha,grievances,1.4
2022-01-31,Unit_Alpha,workers_comp_claims,0.0
2022-01-31,Unit_Alpha,attrition,3.0
2022-02-07,Unit_Alpha,headcount,119.4
2022-02-07,Unit_Alpha,workload_volume,584.5
2022-02-07,Unit_Alpha,leave_usage,7.9
2022-02-07,Unit_Alpha,grievances,0.1
2022-02-07,Unit_Alpha,workers_comp_claims,0.0
2022-02-07,Unit_Alpha,attrition,1.5
2022-02-14,Unit_Alpha,headcount,123.8
2022-02-14,Unit_Alpha,workload_volume,469.2
2022-02-14,Unit_Alpha,leave_usage,12.3
2022-02-14,Unit_Alpha,grievances,0.0
2022-02-14,Unit_Alpha,workers_comp_claims,0.0
2022-02-14,Unit_Alpha,attrition,1.5
2022-02-21,Unit_Alpha,headcount,121.8
2022-02-21,Unit_Alpha,workload_volume,493.7
2022-02-21,Unit_Alpha,leave_usage,7.7
2022-02-21,Unit_Alpha,grievances,1.6
2022-02-21,Unit_Alpha,workers_comp_claims,0.4
2022-02-21,Unit_Alpha,attrition,1.5
2022-02-28,Unit_Alpha,headcount,118.9
2022-02-28,Unit_Alpha,workload_volume,551.9
2022-02-28,Unit_Alpha,leave_usage,9.2
2022-02-28,Unit_Alpha,grievances,0.4
2022-02-28,Unit_Alpha,workers_comp_claims,0.5
2022-02-28,Unit_Alpha,attrition,1.6
2022-03-07,Unit_Alpha,headcount,121.3
2022-03-07,Unit_Alpha,workload_volume,451.0
2022-03-07,Unit_Alpha,leave_usage,10.1
2022-03-07,Unit_Alpha,grievances,1.5
2022-03-07,Unit_Alpha,workers_comp_claims,0.0
2022-03-07,Unit_Alpha,attrition,1.4
2022-03-14,Unit_Alpha,headcount,118.9
2022-03-14,Unit_Alpha,workload_volume,525.4
2022-03-14,Unit_Alpha,leave_usage,12.1
2022-03-14,Unit_Alpha,grievances,0.0
2022-03-14,Unit_Alpha,workers_comp_claims,0.7
2022-03-14,Unit_Alpha,attrition,1.2
2022-03-21,Unit_Alpha,headcount,118.9
2022-03-21,Unit_Alpha,workload_volume,580.7
2022-03-21,Unit_Alpha,leave_usage,7.8
2022-03-21,Unit_Alpha,grievances,0.0
2022-03-21,Unit_Alpha,workers_comp_claims,0.0
2022-03-21,Unit_Alpha,attrition,1.2
2022-03-28,Unit_Alpha,headcount,120.6
2022-03-28,Unit_Alpha,workload_volume,436.4
2022-03-28,Unit_Alpha,leave_usage,11.8
2022-03-28,Unit_Alpha,grievances,0.5
2022-03-28,Unit_Alpha,workers_comp_claims,0.4
2022-03-28,Unit_Alpha,attrition,1.5
2022-04-04,Unit_Alpha,headcount,115.4
2022-04-04,Unit_Alpha,workload_volume,527.3
2022-04-04,Unit_Alpha,leave_usage,10.1
2022-04-04,Unit_Alpha,grievances,0.5
2022-04-04,Unit_Alpha,workers_comp_claims,0.0
2022-04-04,Unit_Alpha,attrition,1.2
2022-04-11,Unit_Alpha,headcount,115.9
2022-04-11,Unit_Alpha,workload_volume,532.5
2022-04-11,Unit_Alpha,leave_usage,8.6
2022-04-11,Unit_Alpha,grievances,0.1
2022-04-11,Unit_Alpha,workers_comp_claims,0.1
2022-04-11,Unit_Alpha,attrition,1.1
2022-04-18,Unit_Alpha,headcount,118.7
2022-04-18,Unit_Alpha,workload_volume,559.9
2022-04-18,Unit_Alpha,leave_usage,10.8
2022-04-18,Unit_Alpha,grievances,1.0
2022-04-18,Unit_Alpha,workers_comp_claims,0.4
2022-04-18,Unit_Alpha,attrition,1.6
2022-04-25,Unit_Alpha,headcount,117.6
2022-04-25,Unit_Alpha,workload_volume,460.3
2022-04-25,Unit_Alpha,leave_usage,10.4
2022-04-25,Unit_Alpha,grievances,0.0
2022-04-25,Unit_Alpha,workers_comp_claims,0.0
2022-04-25,Unit_Alpha,attrition,1.3
2022-05-02,Unit_Alpha,headcount,120.8
2022-05-02,Unit_Alpha,workload_volume,457.5
2022-05-02,Unit_Alpha,leave_usage,9.3
2022-05-02,Unit_Alpha,grievances,0.4
2022-05-02,Unit_Alpha,workers_comp_claims,0.2
2022-05-02,Unit_Alpha,attrition,2.4
2022-05-09,Unit_Alpha,headcount,117.8
2022-05-09,Unit_Alpha,workload_volume,551.0
2022-05-09,Unit_Alpha,leave_usage,10.3
2022-05-09,Unit_Alpha,grievances,0.6
2022-05-09,Unit_Alpha,workers_comp_claims,0.9
2022-05-09,Unit_Alpha,attrition,0.0
2022-05-16,Unit_Alpha,headcount,116.6
2022-05-16,Unit_Alpha,workload_volume,541.1
2022-05-16,Unit_Alpha,leave_usage,9.7
2022-05-16,Unit_Alpha,grievances,0.9
2022-05-16,Unit_Alpha,workers_comp_claims,0.1
2022-05-16,Unit_Alpha,attrition,2.2
2022-05-23,Unit_Alpha,headcount,123.5
2022-05-23,Unit_Alpha,workload_volume,540.1
2022-05-23,Unit_Alpha,leave_usage,10.4
2022-05-23,Unit_Alpha,grievances,1.1
2022-05-23,Unit_Alpha,workers_comp_claims,0.8
2022-05-23,Unit_Alpha,attrition,2.2
2022-05-30,Unit_Alpha,headcount,119.5
2022-05-30,Unit_Alpha,workload_volume,546.2
2022-05-30,Unit_Alpha,leave_usage,11.3
2022-05-30,Unit_Alpha,grievances,0.0
2022-05-30,Unit_Alpha,workers_comp_claims,0.0
2022-05-30,Unit_Alpha,attrition,0.3
2022-06-06,Unit_Alpha,headcount,120.2
2022-06-06,Unit_Alpha,workload_volume,496.2
2022-06-06,Unit_Alpha,leave_usage,12.7
2022-06-06,Unit_Alpha,grievances,0.0
2022-06-06,Unit_Alpha,workers_comp_claims,0.7
2022-06-06,Unit_Alpha,attrition,1.3
2022-06-13,Unit_Alpha,headcount,116.6
2022-06-13,Unit_Alpha,workload_volume,543.1
2022-06-13,Unit_Alpha,leave_usage,8.5
2022-06-13,Unit_Alpha,grievances,1.5
2022-06-13,Unit_Alpha,workers_comp_claims,1.1
2022-06-13,Unit_Alpha,attrition,1.3
2022-06-20,Unit_Alpha,headcount,118.7
2022-06-20,Unit_Alpha,workload_volume,547.4
2022-06-20,Unit_Alpha,leave_usage,13.6
2022-06-20,Unit_Alpha,grievances,0.8
2022-06-20,Unit_Alpha,workers_comp_claims,0.0
2022-06-20,Unit_Alpha,attrition,0.7
2022-06-27,Unit_Alpha,headcount,120.3
2022-06-27,Unit_Alpha,workload_volume,498.3
2022-06-27,Unit_Alpha,leave_usage,7.5
2022-06-27,Unit_Alpha,grievances,0.0
2022-06-27,Unit_Alpha,workers_comp_claims,0.0
2022-06-27,Unit_Alpha,attrition,1.0
2022-07-04,Unit_Alpha,headcount,117.2
2022-07-04,Unit_Alpha,workload_volume,628.6
2022-07-04,Unit_Alpha,leave_usage,10.2
2022-07-04,Unit_Alpha,grievances,1.7
2022-07-04,Unit_Alpha,workers_comp_claims,0.7
2022-07-04,Unit_Alpha,attrition,0.8
2022-07-11,Unit_Alpha,headcount,120.9
2022-07-11,Unit_Alpha,workload_volume,560.3
2022-07-11,Unit_Alpha,leave_usage,11.4
2022-07-11,Unit_Alpha,grievances,0.6
2022-07-11,Unit_Alpha,workers_comp_claims,0.3
2022-07-11,Unit_Alpha,attrition,2.6
2022-07-18,Unit_Alpha,headcount,118.6
2022-07-18,Unit_Alpha,workload_volume,478.3
2022-07-18,Unit_Alpha,leave_usage,10.9
2022-07-18,Unit_Alpha,grievances,1.4
2022-07-18,Unit_Alpha,workers_comp_claims,0.6
2022-07-18,Unit_Alpha,attrition,2.1
2022-07-25,Unit_Alpha,headcount,119.3
2022-07-25,Unit_Alpha,workload_volume,571.9
2022-07-25,Unit_Alpha,leave_usage,9.6
2022-07-25,Unit_Alpha,grievances,0.6
2022-07-25,Unit_Alpha,workers_comp_claims,0.1
2022-07-25,Unit_Alpha,attrition,2.3
2022-08-01,Unit_Alpha,headcount,118.6
2022-08-01,Unit_Alpha,workload_volume,491.6
2022-08-01,Unit_Alpha,leave_usage,10.3
2022-08-01,Unit_Alpha,grievances,2.1
2022-08-01,Unit_Alpha,workers_comp_claims,0.4
2022-08-01,Unit_Alpha,attrition,1.9
2022-08-08,Unit_Alpha,headcount,124.4
2022-08-08,Unit_Alpha,workload_volume,580.9
2022-08-08,Unit_Alpha,leave_usage,9.9
2022-08-08,Unit_Alpha,grievances,1.9
2022-08-08,Unit_Alpha,workers_comp_claims,0.3
2022-08-08,Unit_Alpha,attrition,0.8
2022-08-15,Unit_Alpha,headcount,120.0
2022-08-15,Unit_Alpha,workload_volume,600.7
2022-08-15,Unit_Alpha,leave_usage,9.8
2022-08-15,Unit_Alpha,grievances,0.3
2022-08-15,Unit_Alpha,workers_comp_claims,1.0
2022-08-15,Unit_Alpha,attrition,1.2
2022-08-22,Unit_Alpha,headcount,117.5
2022-08-22,Unit_Alpha,workload_volume,502.9
2022-08-22,Unit_Alpha,leave_usage,12.0
2022-08-22,Unit_Alpha,grievances,1.3
2022-08-22,Unit_Alpha,workers_comp_claims,0.5
2022-08-22,Unit_Alpha,attrition,1.8
2022-08-29,Unit_Alpha,headcount,122.0
2022-08-29,Unit_Alpha,workload_volume,593.3
2022-08-29,Unit_Alpha,leave_usage,11.2
2022-08-29,Unit_Alpha,grievances,1.0
2022-08-29,Unit_Alpha,workers_comp_claims,0.6
2022-08-29,Unit_Alpha,attrition,0.8
2022-09-05,Unit_Alpha,headcount,117.1
2022-09-05,Unit_Alpha,workload_volume,566.9
2022-09-05,Unit_Alpha,leave_usage,9.7
2022-09-05,Unit_Alpha,grievances,1.6
2022-09-05,Unit_Alpha,workers_comp_claims,0.2
2022-09-05,Unit_Alpha,attrition,1.9
2022-09-12,Unit_Alpha,headcount,120.5
2022-09-12,Unit_Alpha,workload_volume,588.6
2022-09-12,Unit_Alpha,leave_usage,12.1
2022-09-12,Unit_Alpha,grievances,0.0
2022-09-12,Unit_Alpha,workers_comp_claims,0.2
2022-09-12,Unit_Alpha,attrition,1.4
2022-09-19,Unit_Alpha,headcount,115.3
2022-09-19,Unit_Alpha,workload_volume,643.4
2022-09-19,Unit_Alpha,leave_usage,11.3
2022-09-19,Unit_Alpha,grievances,1.0
2022-09-19,Unit_Alpha,workers_comp_claims,0.2
2022-09-19,Unit_Alpha,attrition,1.3
2022-09-26,Unit_Alpha,headcount,116.8
2022-09-26,Unit_Alpha,workload_volume,537.4
2022-09-26,Unit_Alpha,leave_usage,12.0
2022-09-26,Unit_Alpha,grievances,1.3
2022-09-26,Unit_Alpha,workers_comp_claims,0.6
2022-09-26,Unit_Alpha,attrition,1.9
2022-10-03,Unit_Alpha,headcount,120.5
2022-10-03,Unit_Alpha,workload_volume,513.1
2022-10-03,Unit_Alpha,leave_usage,11.8
2022-10-03,Unit_Alpha,grievances,0.0
2022-10-03,Unit_Alpha,workers_comp_claims,0.2
2022-10-03,Unit_Alpha,attrition,1.8
2022-10-10,Unit_Alpha,headcount,121.8
2022-10-10,Unit_Alpha,workload_volume,507.5
2022-10-10,Unit_Alpha,leave_usage,9.6
2022-10-10,Unit_Alpha,grievances,0.0
2022-10-10,Unit_Alpha,workers_comp_claims,0.5
2022-10-10,Unit_Alpha,attrition,1.3
2022-10-17,Unit_Alpha,headcount,120.4
2022-10-17,Unit_Alpha,workload_volume,512.2
2022-10-17,Unit_Alpha,leave_usage,10.1
2022-10-17,Unit_Alpha,grievances,0.0
2022-10-17,Unit_Alpha,workers_comp_claims,1.4
2022-10-17,Unit_Alpha,attrition,2.2
2022-10-24,Unit_Alpha,headcount,119.7
2022-10-24,Unit_Alpha,workload_volume,550.2
2022-10-24,Unit_Alpha,leave_usage,12.0
2022-10-24,Unit_Alpha,grievances,0.3
2022-10-24,Unit_Alpha,workers_comp_claims,0.8
2022-10-24,Unit_Alpha,attrition,0.9
2022-10-31,Unit_Alpha,headcount,119.3
2022-10-31,Unit_Alpha,workload_volume,572.2
2022-10-31,Unit_Alpha,leave_usage,11.9
2022-10-31,Unit_Alpha,grievances,1.1
2022-10-31,Unit_Alpha,workers_comp_claims,0.2
2022-10-31,Unit_Alpha,attrition,1.9
2022-11-07,Unit_Alpha,headcount,116.5
2022-11-07,Unit_Alpha,workload_volume,570.0
2022-11-07,Unit_Alpha,leave_usage,10.9
2022-11-07,Unit_Alpha,grievances,1.7
2022-11-07,Unit_Alpha,workers_comp_claims,1.0
2022-11-07,Unit_Alpha,attrition,1.9
2022-11-14,Unit_Alpha,headcount,118.3
2022-11-14,Unit_Alpha,workload_volume,598.5
2022-11-14,Unit_Alpha,leave_usage,11.2
2022-11-14,Unit_Alpha,grievances,0.6
2022-11-14,Unit_Alpha,workers_comp_claims,0.2
2022-11-14,Unit_Alpha,attrition,1.3
2022-11-21,Unit_Alpha,headcount,118.9
2022-11-21,Unit_Alpha,workload_volume,558.8
2022-11-21,Unit_Alpha,leave_usage,12.9
2022-11-21,Unit_Alpha,grievances,1.8
2022-11-21,Unit_Alpha,workers_comp_claims,0.0
2022-11-21,Unit_Alpha,attrition,1.7
2022-11-28,Unit_Alpha,headcount,122.5
2022-11-28,Unit_Alpha,workload_volume,631.9
2022-11-28,Unit_Alpha,leave_usage,10.2
2022-11-28,Unit_Alpha,grievances,0.0
2022-11-28,Unit_Alpha,workers_comp_claims,0.0
2022-11-28,Unit_Alpha,attrition,0.8
2022-12-05,Unit_Alpha,headcount,120.8
2022-12-05,Unit_Alpha,workload_volume,546.9
2022-12-05,Unit_Alpha,leave_usage,11.9
2022-12-05,Unit_Alpha,grievances,0.0
2022-12-05,Unit_Alpha,workers_comp_claims,0.0
2022-12-05,Unit_Alpha,attrition,2.1
2022-12-12,Unit_Alpha,headcount,115.8
2022-12-12,Unit_Alpha,workload_volume,697.1
2022-12-12,Unit_Alpha,leave_usage,10.8
2022-12-12,Unit_Alpha,grievances,0.5
2022-12-12,Unit_Alpha,workers_comp_claims,0.2
2022-12-12,Unit_Alpha,attrition,1.4
2022-12-19,Unit_Alpha,headcount,120.8
2022-12-19,Unit_Alpha,workload_volume,593.3
2022-12-19,Unit_Alpha,leave_usage,10.8
2022-12-19,Unit_Alpha,grievances,0.8
2022-12-19,Unit_Alpha,workers_comp_claims,0.4
2022-12-19,Unit_Alpha,attrition,1.2
2022-12-26,Unit_Alpha,headcount,119.1
2022-12-26,Unit_Alpha,workload_volume,520.1
2022-12-26,Unit_Alpha,leave_usage,12.8
2022-12-26,Unit_Alpha,grievances,0.5
2022-12-26,Unit_Alpha,workers_comp_claims,1.2
2022-12-26,Unit_Alpha,attrition,2.1
2023-01-02,Unit_Alpha,headcount,118.4
2023-01-02,Unit_Alpha,workload_volume,510.3
2023-01-02,Unit_Alpha,leave_usage,12.4
2023-01-02,Unit_Alpha,grievances,0.0
2023-01-02,Unit_Alpha,workers_comp_claims,0.6
2023-01-02,Unit_Alpha,attrition,1.1
2023-01-09,Unit_Alpha,headcount,121.5
2023-01-09,Unit_Alpha,workload_volume,588.9
2023-01-09,Unit_Alpha,leave_usage,12.4
2023-01-09,Unit_Alpha,grievances,0.4
2023-01-09,Unit_Alpha,workers_comp_claims,0.3
2023-01-09,Unit_Alpha,attrition,0.7
2023-01-16,Unit_Alpha,headcount,122.5
2023-01-16,Unit_Alpha,workload_volume,554.4
2023-01-16,Unit_Alpha,leave_usage,13.2
2023-01-16,Unit_Alpha,grievances,0.0
2023-01-16,Unit_Alpha,workers_comp_claims,0.8
2023-01-16,Unit_Alpha,attrition,0.6
2023-01-23,Unit_Alpha,headcount,122.2
2023-01-23,Unit_Alpha,workload_volume,602.1
2023-01-23,Unit_Alpha,leave_usage,11.3
2023-01-23,Unit_Alpha,grievances,1.0
2023-01-23,Unit_Alpha,workers_comp_claims,0.0
2023-01-23,Unit_Alpha,attrition,1.9
2023-01-30,Unit_Alpha,headcount,118.0
2023-01-30,Unit_Alpha,workload_volume,590.9
2023-01-30,Unit_Alpha,leave_usage,12.3
2023-01-30,Unit_Alpha,grievances,0.8
2023-01-30,Unit_Alpha,workers_comp_claims,0.5
2023-01-30,Unit_Alpha,attrition,0.7
2023-02-06,Unit_Alpha,headcount,119.3
2023-02-06,Unit_Alpha,workload_volume,564.4
2023-02-06,Unit_Alpha,leave_usage,10.8
2023-02-06,Unit_Alpha,grievances,0.0
2023-02-06,Unit_Alpha,workers_comp_claims,0.8
2023-02-06,Unit_Alpha,attrition,2.6
2023-02-13,Unit_Alpha,headcount,120.8
2023-02-13,Unit_Alpha,workload_volume,526.5
2023-02-13,Unit_Alpha,leave_usage,11.8
2023-02-13,Unit_Alpha,grievances,0.1
2023-02-13,Unit_Alpha,workers_comp_claims,0.0
2023-02-13,Unit_Alpha,attrition,0.3
2023-02-20,Unit_Alpha,headcount,122.3
2023-02-20,Unit_Alpha,workload_volume,493.9
2023-02-20,Unit_Alpha,leave_usage,11.1
2023-02-20,Unit_Alpha,grievances,0.0
2023-02-20,Unit_Alpha,workers_comp_claims,1.0
2023-02-20,Unit_Alpha,attrition,2.5
2023-02-27,Unit_Alpha,headcount,118.8
2023-02-27,Unit_Alpha,workload_volume,548.0
2023-02-27,Unit_Alpha,leave_usage,11.5
2023-02-27,Unit_Alpha,grievances,0.5
2023-02-27,Unit_Alpha,workers_comp_claims,0.6
2023-02-27,Unit_Alpha,attrition,1.6
2023-03-06,Unit_Alpha,headcount,119.6
2023-03-06,Unit_Alpha,workload_volume,613.9
2023-03-06,Unit_Alpha,leave_usage,12.2
2023-03-06,Unit_Alpha,grievances,1.3
2023-03-06,Unit_Alpha,workers_comp_claims,0.2
2023-03-06,Unit_Alpha,attrition,1.4
2023-03-13,Unit_Alpha,headcount,117.3
2023-03-13,Unit_Alpha,workload_volume,582.5
2023-03-13,Unit_Alpha,leave_usage,10.1
2023-03-13,Unit_Alpha,grievances,0.0
2023-03-13,Unit_Alpha,workers_comp_claims,0.7
2023-03-13,Unit_Alpha,attrition,1.2
2023-03-20,Unit_Alpha,headcount,117.1
2023-03-20,Unit_Alpha,workload_volume,510.2
2023-03-20,Unit_Alpha,leave_usage,14.5
2023-03-20,Unit_Alpha,grievances,0.9
2023-03-20,Unit_Alpha,workers_comp_claims,1.5
2023-03-20,Unit_Alpha,attrition,1.7
2023-03-27,Unit_Alpha,headcount,122.0
2023-03-27,Unit_Alpha,workload_volume,581.8
2023-03-27,Unit_Alpha,leave_usage,9.9
2023-03-27,Unit_Alpha,grievances,0.1
2023-03-27,Unit_Alpha,workers_comp_claims,0.5
2023-03-27,Unit_Alpha,attrition,1.5
2023-04-03,Unit_Alpha,headcount,123.3
2023-04-03,Unit_Alpha,workload_volume,593.0
2023-04-03,Unit_Alpha,leave_usage,9.6
2023-04-03,Unit_Alpha,grievances,0.0
2023-04-03,Unit_Alpha,workers_comp_claims,0.5
2023-04-03,Unit_Alpha,attrition,2.2
2023-04-10,Unit_Alpha,headcount,119.8
2023-04-10,Unit_Alpha,workload_volume,530.2
2023-04-10,Unit_Alpha,leave_usage,13.2
2023-04-10,Unit_Alpha,grievances,0.4
2023-04-10,Unit_Alpha,workers_comp_claims,0.2
2023-04-10,Unit_Alpha,attrition,1.6
2023-04-17,Unit_Alpha,headcount,122.4
2023-04-17,Unit_Alpha,workload_volume,582.7
2023-04-17,Unit_Alpha,leave_usage,12.6
2023-04-17,Unit_Alpha,grievances,0.0
2023-04-17,Unit_Alpha,workers_comp_claims,0.0
2023-04-17,Unit_Alpha,attrition,1.6
2023-04-24,Unit_Alpha,headcount,120.9
2023-04-24,Unit_Alpha,workload_volume,578.5
2023-04-24,Unit_Alpha,leave_usage,12.4
2023-04-24,Unit_Alpha,grievances,0.1
2023-04-24,Unit_Alpha,workers_comp_claims,0.8
2023-04-24,Unit_Alpha,attrition,1.3
2023-05-01,Unit_Alpha,headcount,118.5
2023-05-01,Unit_Alpha,workload_volume,518.9
2023-05-01,Unit_Alpha,leave_usage,12.4
2023-05-01,Unit_Alpha,grievances,0.0
2023-05-01,Unit_Alpha,workers_comp_claims,0.0
2023-05-01,Unit_Alpha,attrition,1.5
2023-05-08,Unit_Alpha,headcount,120.9
2023-05-08,Unit_Alpha,workload_volume,594.5
2023-05-08,Unit_Alpha,leave_usage,11.5
2023-05-08,Unit_Alpha,grievances,2.1
2023-05-08,Unit_Alpha,workers_comp_claims,0.4
2023-05-08,Unit_Alpha,attrition,1.7
2023-05-15,Unit_Alpha,headcount,123.7
2023-05-15,Unit_Alpha,workload_volume,605.2
2023-05-15,Unit_Alpha,leave_usage,10.1
2023-05-15,Unit_Alpha,grievances,0.5
2023-05-15,Unit_Alpha,workers_comp_claims,0.2
2023-05-15,Unit_Alpha,attrition,0.5
2023-05-22,Unit_Alpha,headcount,119.9
2023-05-22,Unit_Alpha,workload_volume,631.8
2023-05-22,Unit_Alpha,leave_usage,11.6
2023-05-22,Unit_Alpha,grievances,0.0
2023-05-22,Unit_Alpha,workers_comp_claims,0.6
2023-05-22,Unit_Alpha,attrition,0.7
2023-05-29,Unit_Alpha,headcount,123.8
2023-05-29,Unit_Alpha,workload_volume,630.8
2023-05-29,Unit_Alpha,leave_usage,10.5
2023-05-29,Unit_Alpha,grievances,0.7
2023-05-29,Unit_Alpha,workers_comp_claims,0.6
2023-05-29,Unit_Alpha,attrition,1.9
2023-06-05,Unit_Alpha,headcount,113.7
2023-06-05,Unit_Alpha,workload_volume,509.6
2023-06-05,Unit_Alpha,leave_usage,13.0
2023-06-05,Unit_Alpha,grievances,0.4
2023-06-05,Unit_Alpha,workers_comp_claims,0.9
2023-06-05,Unit_Alpha,attrition,1.6
2023-06-12,Unit_Alpha,headcount,122.0
2023-06-12,Unit_Alpha,workload_volume,532.1
2023-06-12,Unit_Alpha,leave_usage,11.3
2023-06-12,Unit_Alpha,grievances,0.3
2023-06-12,Unit_Alpha,workers_comp_claims,0.1
2023-06-12,Unit_Alpha,attrition,1.4
2023-06-19,Unit_Alpha,headcount,120.2
2023-06-19,Unit_Alpha,workload_volume,605.1
2023-06-19,Unit_Alpha,leave_usage,10.3
2023-06-19,Unit_Alpha,grievances,1.0
2023-06-19,Unit_Alpha,workers_comp_claims,0.3
2023-06-19,Unit_Alpha,attrition,1.5
2023-06-26,Unit_Alpha,headcount,119.3
2023-06-26,Unit_Alpha,workload_volume,605.4
2023-06-26,Unit_Alpha,leave_usage,11.1
2023-06-26,Unit_Alpha,grievances,1.1
2023-06-26,Unit_Alpha,workers_comp_claims,0.0
2023-06-26,Unit_Alpha,attrition,1.7
2023-07-03,Unit_Alpha,headcount,120.2
2023-07-03,Unit_Alpha,workload_volume,605.8
2023-07-03,Unit_Alpha,leave_usage,12.2
2023-07-03,Unit_Alpha,grievances,0.1
2023-07-03,Unit_Alpha,workers_comp_claims,0.2
2023-07-03,Unit_Alpha,attrition,1.2
2023-07-10,Unit_Alpha,headcount,115.2
2023-07-10,Unit_Alpha,workload_volume,773.0
2023-07-10,Unit_Alpha,leave_usage,10.7
2023-07-10,Unit_Alpha,grievances,0.0
2023-07-10,Unit_Alpha,workers_comp_claims,0.6
2023-07-10,Unit_Alpha,attrition,1.0
2023-07-17,Unit_Alpha,headcount,119.5
2023-07-17,Unit_Alpha,workload_volume,609.2
2023-07-17,Unit_Alpha,leave_usage,10.3
2023-07-17,Unit_Alpha,grievances,0.3
2023-07-17,Unit_Alpha,workers_comp_claims,0.8
2023-07-17,Unit_Alpha,attrition,1.6
2023-07-24,Unit_Alpha,headcount,120.9
2023-07-24,Unit_Alpha,workload_volume,637.8
2023-07-24,Unit_Alpha,leave_usage,11.9
2023-07-24,Unit_Alpha,grievances,0.0
2023-07-24,Unit_Alpha,workers_comp_claims,0.0
2023-07-24,Unit_Alpha,attrition,0.9
2023-07-31,Unit_Alpha,headcount,123.5
2023-07-31,Unit_Alpha,workload_volume,628.9
2023-07-31,Unit_Alpha,leave_usage,11.9
2023-07-31,Unit_Alpha,grievances,0.0
2023-07-31,Unit_Alpha,workers_comp_claims,0.8
2023-07-31,Unit_Alpha,attrition,1.7
2023-08-07,Unit_Alpha,headcount,118.8
2023-08-07,Unit_Alpha,workload_volume,614.0
2023-08-07,Unit_Alpha,leave_usage,10.8
2023-08-07,Unit_Alpha,grievances,1.6
2023-08-07,Unit_Alpha,workers_comp_claims,1.1
2023-08-07,Unit_Alpha,attrition,0.5
2023-08-14,Unit_Alpha,headcount,118.1
2023-08-14,Unit_Alpha,workload_volume,565.9
2023-08-14,Unit_Alpha,leave_usage,10.9
2023-08-14,Unit_Alpha,grievances,1.8
2023-08-14,Unit_Alpha,workers_comp_claims,0.6
2023-08-14,Unit_Alpha,attrition,2.1
2023-08-21,Unit_Alpha,headcount,118.8
2023-08-21,Unit_Alpha,workload_volume,619.8
2023-08-21,Unit_Alpha,leave_usage,11.9
2023-08-21,Unit_Alpha,grievances,0.3
2023-08-21,Unit_Alpha,workers_comp_claims,1.3
2023-08-21,Unit_Alpha,attrition,1.8
2023-08-28,Unit_Alpha,headcount,122.2
2023-08-28,Unit_Alpha,workload_volume,543.4
2023-08-28,Unit_Alpha,leave_usage,9.4
2023-08-28,Unit_Alpha,grievances,1.0
2023-08-28,Unit_Alpha,workers_comp_claims,0.0
2023-08-28,Unit_Alpha,attrition,1.7
2023-09-04,Unit_Alpha,headcount,120.8
2023-09-04,Unit_Alpha,workload_volume,570.3
2023-09-04,Unit_Alpha,leave_usage,9.5
2023-09-04,Unit_Alpha,grievances,0.8
2023-09-04,Unit_Alpha,workers_comp_claims,0.0
2023-09-04,Unit_Alpha,attrition,2.1
2023-09-11,Unit_Alpha,headcount,118.7
2023-09-11,Unit_Alpha,workload_volume,558.0
2023-09-11,Unit_Alpha,leave_usage,10.5
2023-09-11,Unit_Alpha,grievances,3.0
2023-09-11,Unit_Alpha,workers_comp_claims,0.0
2023-09-11,Unit_Alpha,attrition,2.5
2023-09-18,Unit_Alpha,headcount,121.2
2023-09-18,Unit_Alpha,workload_volume,586.5
2023-09-18,Unit_Alpha,leave_usage,11.3
2023-09-18,Unit_Alpha,grievances,1.4
2023-09-18,Unit_Alpha,workers_comp_claims,1.1
2023-09-18,Unit_Alpha,attrition,2.1
2023-09-25,Unit_Alpha,headcount,120.2
2023-09-25,Unit_Alpha,workload_volume,698.2
2023-09-25,Unit_Alpha,leave_usage,12.1
2023-09-25,Unit_Alpha,grievances,0.4
2023-09-25,Unit_Alpha,workers_comp_claims,0.7
2023-09-25,Unit_Alpha,attrition,0.4
2023-10-02,Unit_Alpha,headcount,122.3
2023-10-02,Unit_Alpha,workload_volume,489.1
2023-10-02,Unit_Alpha,leave_usage,13.8
2023-10-02,Unit_Alpha,grievances,0.0
2023-10-02,Unit_Alpha,workers_comp_claims,0.4
2023-10-02,Unit_Alpha,attrition,0.7
2023-10-09,Unit_Alpha,headcount,118.3
2023-10-09,Unit_Alpha,workload_volume,616.8
2023-10-09,Unit_Alpha,leave_usage,12.9
2023-10-09,Unit_Alpha,grievances,0.0
2023-10-09,Unit_Alpha,workers_comp_claims,0.5
2023-10-09,Unit_Alpha,attrition,1.1
2023-10-16,Unit_Alpha,headcount,119.2
2023-10-16,Unit_Alpha,workload_volume,501.9
2023-10-16,Unit_Alpha,leave_usage,11.4
2023-10-16,Unit_Alpha,grievances,0.7
2023-10-16,Unit_Alpha,workers_comp_claims,0.0
2023-10-16,Unit_Alpha,attrition,1.5
2023-10-23,Unit_Alpha,headcount,119.1
2023-10-23,Unit_Alpha,workload_volume,558.9
2023-10-23,Unit_Alpha,leave_usage,11.6
2023-10-23,Unit_Alpha,grievances,0.0
2023-10-23,Unit_Alpha,workers_comp_claims,1.6
2023-10-23,Unit_Alpha,attrition,1.8
2023-10-30,Unit_Alpha,headcount,116.5
2023-10-30,Unit_Alpha,workload_volume,636.9
2023-10-30,Unit_Alpha,leave_usage,10.1
2023-10-30,Unit_Alpha,grievances,0.0
2023-10-30,Unit_Alpha,workers_comp_claims,0.5
2023-10-30,Unit_Alpha,attrition,1.1
2023-11-06,Unit_Alpha,headcount,120.7
2023-11-06,Unit_Alpha,workload_volume,585.6
2023-11-06,Unit_Alpha,leave_usage,11.6
2023-11-06,Unit_Alpha,grievances,0.0
2023-11-06,Unit_Alpha,workers_comp_claims,0.5
2023-11-06,Unit_Alpha,attrition,1.6
2023-11-13,Unit_Alpha,headcount,120.6
2023-11-13,Unit_Alpha,workload_volume,528.4
2023-11-13,Unit_Alpha,leave_usage,11.2
2023-11-13,Unit_Alpha,grievances,0.0
2023-11-13,Unit_Alpha,workers_comp_claims,0.8
2023-11-13,Unit_Alpha,attrition,1.1
2023-11-20,Unit_Alpha,headcount,120.0
2023-11-20,Unit_Alpha,workload_volume,546.4
2023-11-20,Unit_Alpha,leave_usage,12.1
2023-11-20,Unit_Alpha,grievances,1.9
2023-11-20,Unit_Alpha,workers_comp_claims,0.6
2023-11-20,Unit_Alpha,attrition,1.1
2023-11-27,Unit_Alpha,headcount,119.4
2023-11-27,Unit_Alpha,workload_volume,616.0
2023-11-27,Unit_Alpha,leave_usage,10.3
2023-11-27,Unit_Alpha,grievances,1.2
2023-11-27,Unit_Alpha,workers_comp_claims,0.5
2023-11-27,Unit_Alpha,attrition,0.7
2023-12-04,Unit_Alpha,headcount,116.6
2023-12-04,Unit_Alpha,workload_volume,545.3
2023-12-04,Unit_Alpha,leave_usage,12.4
2023-12-04,Unit_Alpha,grievances,0.5
2023-12-04,Unit_Alpha,workers_comp_claims,0.0
2023-12-04,Unit_Alpha,attrition,1.0
2023-12-11,Unit_Alpha,headcount,119.0
2023-12-11,Unit_Alpha,workload_volume,592.5
2023-12-11,Unit_Alpha,leave_usage,13.9
2023-12-11,Unit_Alpha,grievances,1.7
2023-12-11,Unit_Alpha,workers_comp_claims,0.6
2023-12-11,Unit_Alpha,attrition,0.7
2023-12-18,Unit_Alpha,headcount,119.2
2023-12-18,Unit_Alpha,workload_volume,583.7
2023-12-18,Unit_Alpha,leave_usage,11.4
2023-12-18,Unit_Alpha,grievances,0.6
2023-12-18,Unit_Alpha,workers_comp_claims,1.3
2023-12-18,Unit_Alpha,attrition,0.9
2023-12-25,Unit_Alpha,headcount,118.1
2023-12-25,Unit_Alpha,workload_volume,548.6
2023-12-25,Unit_Alpha,leave_usage,12.2
2023-12-25,Unit_Alpha,grievances,0.0
2023-12-25,Unit_Alpha,workers_comp_claims,1.1
2023-12-25,Unit_Alpha,attrition,2.1
2024-01-01,Unit_Alpha,headcount,119.6
2024-01-01,Unit_Alpha,workload_volume,688.1
2024-01-01,Unit_Alpha,leave_usage,12.6
2024-01-01,Unit_Alpha,grievances,1.7
2024-01-01,Unit_Alpha,workers_comp_claims,1.2
2024-01-01,Unit_Alpha,attrition,0.9
2024-01-08,Unit_Alpha,headcount,121.0
2024-01-08,Unit_Alpha,workload_volume,612.3
2024-01-08,Unit_Alpha,leave_usage,10.9
2024-01-08,Unit_Alpha,grievances,0.9
2024-01-08,Unit_Alpha,workers_comp_claims,0.1
2024-01-08,Unit_Alpha,attrition,3.1
2024-01-15,Unit_Alpha,headcount,124.5
2024-01-15,Unit_Alpha,workload_volume,479.1
2024-01-15,Unit_Alpha,leave_usage,11.9
2024-01-15,Unit_Alpha,grievances,0.0
2024-01-15,Unit_Alpha,workers_comp_claims,0.0
2024-01-15,Unit_Alpha,attrition,1.8
2024-01-22,Unit_Alpha,headcount,120.4
2024-01-22,Unit_Alpha,workload_volume,589.3
2024-01-22,Unit_Alpha,leave_usage,11.5
2024-01-22,Unit_Alpha,grievances,0.4
2024-01-22,Unit_Alpha,workers_comp_claims,0.3
2024-01-22,Unit_Alpha,attrition,1.6
2024-01-29,Unit_Alpha,headcount,120.6
2024-01-29,Unit_Alpha,workload_volume,546.6
2024-01-29,Unit_Alpha,leave_usage,11.7
2024-01-29,Unit_Alpha,grievances,0.0
2024-01-29,Unit_Alpha,workers_comp_claims,0.4
2024-01-29,Unit_Alpha,attrition,1.0
2024-02-05,Unit_Alpha,headcount,119.8
2024-02-05,Unit_Alpha,workload_volume,621.9
2024-02-05,Unit_Alpha,leave_usage,10.3
2024-02-05,Unit_Alpha,grievances,0.0
2024-02-05,Unit_Alpha,workers_comp_claims,0.9
2024-02-05,Unit_Alpha,attrition,1.9
2024-02-12,Unit_Alpha,headcount,115.4
2024-02-12,Unit_Alpha,workload_volume,539.3
2024-02-12,Unit_Alpha,leave_usage,11.5
2024-02-12,Unit_Alpha,grievances,1.2
2024-02-12,Unit_Alpha,workers_comp_claims,0.0
2024-02-12,Unit_Alpha,attrition,1.2
2024-02-19,Unit_Alpha,headcount,119.9
2024-02-19,Unit_Alpha,workload_volume,572.7
2024-02-19,Unit_Alpha,leave_usage,12.2
2024-02-19,Unit_Alpha,grievances,2.0
2024-02-19,Unit_Alpha,workers_comp_claims,1.2
2024-02-19,Unit_Alpha,attrition,1.6
2024-02-26,Unit_Alpha,headcount,120.1
2024-02-26,Unit_Alpha,workload_volume,603.3
2024-02-26,Unit_Alpha,leave_usage,13.7
2024-02-26,Unit_Alpha,grievances,0.0
2024-02-26,Unit_Alpha,workers_comp_claims,0.3
2024-02-26,Unit_Alpha,attrition,3.0
2024-03-04,Unit_Alpha,headcount,125.9
2024-03-04,Unit_Alpha,workload_volume,620.8
2024-03-04,Unit_Alpha,leave_usage,12.9
2024-03-04,Unit_Alpha,grievances,1.0
2024-03-04,Unit_Alpha,workers_comp_claims,0.2
2024-03-04,Unit_Alpha,attrition,1.4
2024-03-11,Unit_Alpha,headcount,119.5
2024-03-11,Unit_Alpha,workload_volume,517.1
2024-03-11,Unit_Alpha,leave_usage,14.7
2024-03-11,Unit_Alpha,grievances,0.0
2024-03-11,Unit_Alpha,workers_comp_claims,0.0
2024-03-11,Unit_Alpha,attrition,2.2
2024-03-18,Unit_Alpha,headcount,120.7
2024-03-18,Unit_Alpha,workload_volume,559.8
2024-03-18,Unit_Alpha,leave_usage,10.3
2024-03-18,Unit_Alpha,grievances,0.1
2024-03-18,Unit_Alpha,workers_comp_claims,0.0
2024-03-18,Unit_Alpha,attrition,1.1
2024-03-25,Unit_Alpha,headcount,119.9
2024-03-25,Unit_Alpha,workload_volume,552.3
2024-03-25,Unit_Alpha,leave_usage,12.7
2024-03-25,Unit_Alpha,grievances,0.0
2024-03-25,Unit_Alpha,workers_comp_claims,0.8
2024-03-25,Unit_Alpha,attrition,1.5
2024-04-01,Unit_Alpha,headcount,117.2
2024-04-01,Unit_Alpha,workload_volume,542.8
2024-04-01,Unit_Alpha,leave_usage,11.7
2024-04-01,Unit_Alpha,grievances,0.0
2024-04-01,Unit_Alpha,workers_comp_claims,0.4
2024-04-01,Unit_Alpha,attrition,2.6
2024-04-08,Unit_Alpha,headcount,122.7
2024-04-08,Unit_Alpha,workload_volume,663.2
2024-04-08,Unit_Alpha,leave_usage,14.7
2024-04-08,Unit_Alpha,grievances,0.5
2024-04-08,Unit_Alpha,workers_comp_claims,0.0
2024-04-08,Unit_Alpha,attrition,1.1
2024-04-15,Unit_Alpha,headcount,121.8
2024-04-15,Unit_Alpha,workload_volume,594.6
2024-04-15,Unit_Alpha,leave_usage,10.2
2024-04-15,Unit_Alpha,grievances,0.0
2024-04-15,Unit_Alpha,workers_comp_claims,0.0
2024-04-15,Unit_Alpha,attrition,2.6
2024-04-22,Unit_Alpha,headcount,121.9
2024-04-22,Unit_Alpha,workload_volume,510.6
2024-04-22,Unit_Alpha,leave_usage,10.1
2024-04-22,Unit_Alpha,grievances,0.7
2024-04-22,Unit_Alpha,workers_comp_claims,0.2
2024-04-22,Unit_Alpha,attrition,1.9
2024-04-29,Unit_Alpha,headcount,117.8
2024-04-29,Unit_Alpha,workload_volume,618.9
2024-04-29,Unit_Alpha,leave_usage,10.4
2024-04-29,Unit_Alpha,grievances,0.5
2024-04-29,Unit_Alpha,workers_comp_claims,1.2
2024-04-29,Unit_Alpha,attrition,1.2
2024-05-06,Unit_Alpha,headcount,123.4
2024-05-06,Unit_Alpha,workload_volume,678.5
2024-05-06,Unit_Alpha,leave_usage,8.1
2024-05-06,Unit_Alpha,grievances,0.3
2024-05-06,Unit_Alpha,workers_comp_claims,0.3
2024-05-06,Unit_Alpha,attrition,1.9
2024-05-13,Unit_Alpha,headcount,116.6
2024-05-13,Unit_Alpha,workload_volume,623.3
2024-05-13,Unit_Alpha,leave_usage,10.5
2024-05-13,Unit_Alpha,grievances,0.0
2024-05-13,Unit_Alpha,workers_comp_claims,0.0
2024-05-13,Unit_Alpha,attrition,2.1
2024-05-20,Unit_Alpha,headcount,121.4
2024-05-20,Unit_Alpha,workload_volume,495.0
2024-05-20,Unit_Alpha,leave_usage,10.2
2024-05-20,Unit_Alpha,grievances,0.0
2024-05-20,Unit_Alpha,workers_comp_claims,0.3
2024-05-20,Unit_Alpha,attrition,1.9
2024-05-27,Unit_Alpha,headcount,125.3
2024-05-27,Unit_Alpha,workload_volume,546.1
2024-05-27,Unit_Alpha,leave_usage,11.5
2024-05-27,Unit_Alpha,grievances,1.1
2024-05-27,Unit_Alpha,workers_comp_claims,0.3
2024-05-27,Unit_Alpha,attrition,0.6
2024-06-03,Unit_Alpha,headcount,117.6
2024-06-03,Unit_Alpha,workload_volume,632.9
2024-06-03,Unit_Alpha,leave_usage,11.8
2024-06-03,Unit_Alpha,grievances,0.9
2024-06-03,Unit_Alpha,workers_comp_claims,0.0
2024-06-03,Unit_Alpha,attrition,1.1
2024-06-10,Unit_Alpha,headcount,118.6
2024-06-10,Unit_Alpha,workload_volume,533.4
2024-06-10,Unit_Alpha,leave_usage,14.0
2024-06-10,Unit_Alpha,grievances,0.0
2024-06-10,Unit_Alpha,workers_comp_claims,0.4
2024-06-10,Unit_Alpha,attrition,1.4
2024-06-17,Unit_Alpha,headcount,120.2
2024-06-17,Unit_Alpha,workload_volume,590.2
2024-06-17,Unit_Alpha,leave_usage,12.6
2024-06-17,Unit_Alpha,grievances,0.6
2024-06-17,Unit_Alpha,workers_comp_claims,0.3
2024-06-17,Unit_Alpha,attrition,1.5
2024-06-24,Unit_Alpha,headcount,118.8
2024-06-24,Unit_Alpha,workload_volume,606.0
2024-06-24,Unit_Alpha,leave_usage,10.3
2024-06-24,Unit_Alpha,grievances,1.1
2024-06-24,Unit_Alpha,workers_comp_claims,0.8
2024-06-24,Unit_Alpha,attrition,1.9
2022-01-03,Unit_Beta,headcount,85.3
2022-01-03,Unit_Beta,workload_volume,734.6
2022-01-03,Unit_Beta,leave_usage,12.7
2022-01-03,Unit_Beta,grievances,1.4
2022-01-03,Unit_Beta,workers_comp_claims,0.3
2022-01-03,Unit_Beta,attrition,2.4
2022-01-10,Unit_Beta,headcount,82.7
2022-01-10,Unit_Beta,workload_volume,762.4
2022-01-10,Unit_Beta,leave_usage,9.5
2022-01-10,Unit_Beta,grievances,1.0
2022-01-10,Unit_Beta,workers_comp_claims,1.1
2022-01-10,Unit_Beta,attrition,2.7
2022-01-17,Unit_Beta,headcount,85.6
2022-01-17,Unit_Beta,workload_volume,765.3
2022-01-17,Unit_Beta,leave_usage,11.9
2022-01-17,Unit_Beta,grievances,0.8
2022-01-17,Unit_Beta,workers_comp_claims,0.5
2022-01-17,Unit_Beta,attrition,2.8
2022-01-24,Unit_Beta,headcount,86.0
2022-01-24,Unit_Beta,workload_volume,833.1
2022-01-24,Unit_Beta,leave_usage,10.2
2022-01-24,Unit_Beta,grievances,0.7
2022-01-24,Unit_Beta,workers_comp_claims,0.2
2022-01-24,Unit_Beta,attrition,1.9
2022-01-31,Unit_Beta,headcount,86.0
2022-01-31,Unit_Beta,workload_volume,750.9
2022-01-31,Unit_Beta,leave_usage,10.1
2022-01-31,Unit_Beta,grievances,0.1
2022-01-31,Unit_Beta,workers_comp_claims,0.9
2022-01-31,Unit_Beta,attrition,2.1
2022-02-07,Unit_Beta,headcount,86.8
2022-02-07,Unit_Beta,workload_volume,771.0
2022-02-07,Unit_Beta,leave_usage,11.7
2022-02-07,Unit_Beta,grievances,0.5
2022-02-07,Unit_Beta,workers_comp_claims,0.2
2022-02-07,Unit_Beta,attrition,2.4
2022-02-14,Unit_Beta,headcount,86.4
2022-02-14,Unit_Beta,workload_volume,788.9
2022-02-14,Unit_Beta,leave_usage,11.4
2022-02-14,Unit_Beta,grievances,0.0
2022-02-14,Unit_Beta,workers_comp_claims,0.6
2022-02-14,Unit_Beta,attrition,2.1
2022-02-21,Unit_Beta,headcount,85.8
2022-02-21,Unit_Beta,workload_volume,769.2
2022-02-21,Unit_Beta,leave_usage,8.1
2022-02-21,Unit_Beta,grievances,0.7
2022-02-21,Unit_Beta,workers_comp_claims,0.6
2022-02-21,Unit_Beta,attrition,3.2
2022-02-28,Unit_Beta,headcount,84.9
2022-02-28,Unit_Beta,workload_volume,739.0
2022-02-28,Unit_Beta,leave_usage,12.7
2022-02-28,Unit_Beta,grievances,0.0
2022-02-28,Unit_Beta,workers_comp_claims,1.1
2022-02-28,Unit_Beta,attrition,2.5
2022-03-07,Unit_Beta,headcount,82.2
2022-03-07,Unit_Beta,workload_volume,772.4
2022-03-07,Unit_Beta,leave_usage,12.6
2022-03-07,Unit_Beta,grievances,0.0
2022-03-07,Unit_Beta,workers_comp_claims,0.8
2022-03-07,Unit_Beta,attrition,2.7
2022-03-14,Unit_Beta,headcount,85.7
2022-03-14,Unit_Beta,workload_volume,817.8
2022-03-14,Unit_Beta,leave_usage,9.6
2022-03-14,Unit_Beta,grievances,0.9
2022-03-14,Unit_Beta,workers_comp_claims,0.6
2022-03-14,Unit_Beta,attrition,2.6
2022-03-21,Unit_Beta,headcount,85.4
2022-03-21,Unit_Beta,workload_volume,714.2
2022-03-21,Unit_Beta,leave_usage,11.2
2022-03-21,Unit_Beta,grievances,1.9
2022-03-21,Unit_Beta,workers_comp_claims,1.0
2022-03-21,Unit_Beta,attrition,3.0
2022-03-28,Unit_Beta,headcount,85.5
2022-03-28,Unit_Beta,workload_volume,773.5
2022-03-28,Unit_Beta,leave_usage,11.4
2022-03-28,Unit_Beta,grievances,1.5
2022-03-28,Unit_Beta,workers_comp_claims,1.3
2022-03-28,Unit_Beta,attrition,2.4
2022-04-04,Unit_Beta,headcount,82.8
2022-04-04,Unit_Beta,workload_volume,733.3
2022-04-04,Unit_Beta,leave_usage,11.0
2022-04-04,Unit_Beta,grievances,0.0
2022-04-04,Unit_Beta,workers_comp_claims,0.9
2022-04-04,Unit_Beta,attrition,1.5
2022-04-11,Unit_Beta,headcount,83.2
2022-04-11,Unit_Beta,workload_volume,829.4
2022-04-11,Unit_Beta,leave_usage,9.9
2022-04-11,Unit_Beta,grievances,0.0
2022-04-11,Unit_Beta,workers_comp_claims,0.6
2022-04-11,Unit_Beta,attrition,2.5
2022-04-18,Unit_Beta,headcount,86.8
2022-04-18,Unit_Beta,workload_volume,694.9
2022-04-18,Unit_Beta,leave_usage,9.7
2022-04-18,Unit_Beta,grievances,1.5
2022-04-18,Unit_Beta,workers_comp_claims,0.0
2022-04-18,Unit_Beta,attrition,1.9
2022-04-25,Unit_Beta,headcount,84.9
2022-04-25,Unit_Beta,workload_volume,744.5
2022-04-25,Unit_Beta,leave_usage,10.7
2022-04-25,Unit_Beta,grievances,0.0
2022-04-25,Unit_Beta,workers_comp_claims,0.1
2022-04-25,Unit_Beta,attrition,1.9
2022-05-02,Unit_Beta,headcount,86.2
2022-05-02,Unit_Beta,workload_volume,792.6
2022-05-02,Unit_Beta,leave_usage,12.5
2022-05-02,Unit_Beta,grievances,0.6
2022-05-02,Unit_Beta,workers_comp_claims,0.4
2022-05-02,Unit_Beta,attrition,2.6
2022-05-09,Unit_Beta,headcount,85.0
2022-05-09,Unit_Beta,workload_volume,853.4
2022-05-09,Unit_Beta,leave_usage,11.6
2022-05-09,Unit_Beta,grievances,1.2
2022-05-09,Unit_Beta,workers_comp_claims,0.3
2022-05-09,Unit_Beta,attrition,3.0
2022-05-16,Unit_Beta,headcount,85.1
2022-05-16,Unit_Beta,workload_volume,773.2
2022-05-16,Unit_Beta,leave_usage,10.3
2022-05-16,Unit_Beta,grievances,0.0
2022-05-16,Unit_Beta,workers_comp_claims,0.5
2022-05-16,Unit_Beta,attrition,2.3
2022-05-23,Unit_Beta,headcount,86.6
2022-05-23,Unit_Beta,workload_volume,750.1
2022-05-23,Unit_Beta,leave_usage,12.0
2022-05-23,Unit_Beta,grievances,0.8
2022-05-23,Unit_Beta,workers_comp_claims,0.6
2022-05-23,Unit_Beta,attrition,2.4
2022-05-30,Unit_Beta,headcount,84.1
2022-05-30,Unit_Beta,workload_volume,873.2
2022-05-30,Unit_Beta,leave_usage,6.6
2022-05-30,Unit_Beta,grievances,0.0
2022-05-30,Unit_Beta,workers_comp_claims,0.9
2022-05-30,Unit_Beta,attrition,3.3
2022-06-06,Unit_Beta,headcount,85.2
2022-06-06,Unit_Beta,workload_volume,708.1
2022-06-06,Unit_Beta,leave_usage,12.7
2022-06-06,Unit_Beta,grievances,0.3
2022-06-06,Unit_Beta,workers_comp_claims,0.6
2022-06-06,Unit_Beta,attrition,2.4
2022-06-13,Unit_Beta,headcount,84.2
2022-06-13,Unit_Beta,workload_volume,671.9
2022-06-13,Unit_Beta,leave_usage,8.4
2022-06-13,Unit_Beta,grievances,1.0
2022-06-13,Unit_Beta,workers_comp_claims,0.8
2022-06-13,Unit_Beta,attrition,3.8
2022-06-20,Unit_Beta,headcount,84.3
2022-06-20,Unit_Beta,workload_volume,805.1
2022-06-20,Unit_Beta,leave_usage,10.5
2022-06-20,Unit_Beta,grievances,0.0
2022-06-20,Unit_Beta,workers_comp_claims,0.6
2022-06-20,Unit_Beta,attrition,2.6
2022-06-27,Unit_Beta,headcount,84.5
2022-06-27,Unit_Beta,workload_volume,759.3
2022-06-27,Unit_Beta,leave_usage,9.4
2022-06-27,Unit_Beta,grievances,1.1
2022-06-27,Unit_Beta,workers_comp_claims,0.0
2022-06-27,Unit_Beta,attrition,1.2
2022-07-04,Unit_Beta,headcount,85.4
2022-07-04,Unit_Beta,workload_volume,734.6
2022-07-04,Unit_Beta,leave_usage,9.1
2022-07-04,Unit_Beta,grievances,0.7
2022-07-04,Unit_Beta,workers_comp_claims,0.1
2022-07-04,Unit_Beta,attrition,2.7
2022-07-11,Unit_Beta,headcount,84.2
2022-07-11,Unit_Beta,workload_volume,822.4
2022-07-11,Unit_Beta,leave_usage,12.8
2022-07-11,Unit_Beta,grievances,1.2
2022-07-11,Unit_Beta,workers_comp_claims,0.5
2022-07-11,Unit_Beta,attrition,2.5
2022-07-18,Unit_Beta,headcount,87.1
2022-07-18,Unit_Beta,workload_volume,800.4
2022-07-18,Unit_Beta,leave_usage,10.4
2022-07-18,Unit_Beta,grievances,0.9
2022-07-18,Unit_Beta,workers_comp_claims,0.0
2022-07-18,Unit_Beta,attrition,3.0
2022-07-25,Unit_Beta,headcount,83.5
2022-07-25,Unit_Beta,workload_volume,761.3
2022-07-25,Unit_Beta,leave_usage,11.7
2022-07-25,Unit_Beta,grievances,1.8
2022-07-25,Unit_Beta,workers_comp_claims,0.9
2022-07-25,Unit_Beta,attrition,2.7
2022-08-01,Unit_Beta,headcount,84.7
2022-08-01,Unit_Beta,workload_volume,726.7
2022-08-01,Unit_Beta,leave_usage,11.1
2022-08-01,Unit_Beta,grievances,0.9
2022-08-01,Unit_Beta,workers_comp_claims,1.4
2022-08-01,Unit_Beta,attrition,2.2
2022-08-08,Unit_Beta,headcount,84.3
2022-08-08,Unit_Beta,workload_volume,835.6
2022-08-08,Unit_Beta,leave_usage,11.9
2022-08-08,Unit_Beta,grievances,0.4
2022-08-08,Unit_Beta,workers_comp_claims,1.2
2022-08-08,Unit_Beta,attrition,1.5
2022-08-15,Unit_Beta,headcount,87.5
2022-08-15,Unit_Beta,workload_volume,825.7
2022-08-15,Unit_Beta,leave_usage,11.4
2022-08-15,Unit_Beta,grievances,0.8
2022-08-15,Unit_Beta,workers_comp_claims,0.5
2022-08-15,Unit_Beta,attrition,2.1
2022-08-22,Unit_Beta,headcount,85.3
2022-08-22,Unit_Beta,workload_volume,789.4
2022-08-22,Unit_Beta,leave_usage,9.4
2022-08-22,Unit_Beta,grievances,1.2
2022-08-22,Unit_Beta,workers_comp_claims,1.3
2022-08-22,Unit_Beta,attrition,1.7
2022-08-29,Unit_Beta,headcount,86.8
2022-08-29,Unit_Beta,workload_volume,887.9
2022-08-29,Unit_Beta,leave_usage,12.8
2022-08-29,Unit_Beta,grievances,0.8
2022-08-29,Unit_Beta,workers_comp_claims,0.7
2022-08-29,Unit_Beta,attrition,1.9
2022-09-05,Unit_Beta,headcount,82.5
2022-09-05,Unit_Beta,workload_volume,743.3
2022-09-05,Unit_Beta,leave_usage,10.6
2022-09-05,Unit_Beta,grievances,0.8
2022-09-05,Unit_Beta,workers_comp_claims,0.4
2022-09-05,Unit_Beta,attrition,2.6
2022-09-12,Unit_Beta,headcount,85.5
2022-09-12,Unit_Beta,workload_volume,721.7
2022-09-12,Unit_Beta,leave_usage,9.0
2022-09-12,Unit_Beta,grievances,0.2
2022-09-12,Unit_Beta,workers_comp_claims,0.3
2022-09-12,Unit_Beta,attrition,3.3
2022-09-19,Unit_Beta,headcount,86.5
2022-09-19,Unit_Beta,workload_volume,764.5
2022-09-19,Unit_Beta,leave_usage,10.7
2022-09-19,Unit_Beta,grievances,0.2
2022-09-19,Unit_Beta,workers_comp_claims,0.4
2022-09-19,Unit_Beta,attrition,2.5
2022-09-26,Unit_Beta,headcount,85.1
2022-09-26,Unit_Beta,workload_volume,798.0
2022-09-26,Unit_Beta,leave_usage,13.7
2022-09-26,Unit_Beta,grievances,0.0
2022-09-26,Unit_Beta,workers_comp_claims,0.4
2022-09-26,Unit_Beta,attrition,1.5
2022-10-03,Unit_Beta,headcount,86.8
2022-10-03,Unit_Beta,workload_volume,813.5
2022-10-03,Unit_Beta,leave_usage,12.7
2022-10-03,Unit_Beta,grievances,2.2
2022-10-03,Unit_Beta,workers_comp_claims,0.7
2022-10-03,Unit_Beta,attrition,2.5
2022-10-10,Unit_Beta,headcount,84.1
2022-10-10,Unit_Beta,workload_volume,790.4
2022-10-10,Unit_Beta,leave_usage,10.9
2022-10-10,Unit_Beta,grievances,0.0
2022-10-10,Unit_Beta,workers_comp_claims,0.7
2022-10-10,Unit_Beta,attrition,3.0
2022-10-17,Unit_Beta,headcount,87.4
2022-10-17,Unit_Beta,workload_volume,821.2
2022-10-17,Unit_Beta,leave_usage,11.0
2022-10-17,Unit_Beta,grievances,0.2
2022-10-17,Unit_Beta,workers_comp_claims,0.6
2022-10-17,Unit_Beta,attrition,1.9
2022-10-24,Unit_Beta,headcount,88.9
2022-10-24,Unit_Beta,workload_volume,742.1
2022-10-24,Unit_Beta,leave_usage,11.0
2022-10-24,Unit_Beta,grievances,0.2
2022-10-24,Unit_Beta,workers_comp_claims,0.8
2022-10-24,Unit_Beta,attrition,2.2
2022-10-31,Unit_Beta,headcount,84.4
2022-10-31,Unit_Beta,workload_volume,877.9
2022-10-31,Unit_Beta,leave_usage,14.7
2022-10-31,Unit_Beta,grievances,1.5
2022-10-31,Unit_Beta,workers_comp_claims,1.2
2022-10-31,Unit_Beta,attrition,2.3
2022-11-07,Unit_Beta,headcount,84.2
2022-11-07,Unit_Beta,workload_volume,802.7
2022-11-07,Unit_Beta,leave_usage,12.1
2022-11-07,Unit_Beta,grievances,0.5
2022-11-07,Unit_Beta,workers_comp_claims,1.1
2022-11-07,Unit_Beta,attrition,1.8
2022-11-14,Unit_Beta,headcount,87.5
2022-11-14,Unit_Beta,workload_volume,863.7
2022-11-14,Unit_Beta,leave_usage,12.2
2022-11-14,Unit_Beta,grievances,1.8
2022-11-14,Unit_Beta,workers_comp_claims,0.0
2022-11-14,Unit_Beta,attrition,2.6
2022-11-21,Unit_Beta,headcount,87.7
2022-11-21,Unit_Beta,workload_volume,826.0
2022-11-21,Unit_Beta,leave_usage,13.2
2022-11-21,Unit_Beta,grievances,0.2
2022-11-21,Unit_Beta,workers_comp_claims,0.0
2022-11-21,Unit_Beta,attrition,2.2
2022-11-28,Unit_Beta,headcount,84.1
2022-11-28,Unit_Beta,workload_volume,832.7
2022-11-28,Unit_Beta,leave_usage,12.0
2022-11-28,Unit_Beta,grievances,1.0
2022-11-28,Unit_Beta,workers_comp_claims,1.1
2022-11-28,Unit_Beta,attrition,2.5
2022-12-05,Unit_Beta,headcount,84.3
2022-12-05,Unit_Beta,workload_volume,839.3
2022-12-05,Unit_Beta,leave_usage,11.3
2022-12-05,Unit_Beta,grievances,0.1
2022-12-05,Unit_Beta,workers_comp_claims,0.0
2022-12-05,Unit_Beta,attrition,1.7
2022-12-12,Unit_Beta,headcount,84.5
2022-12-12,Unit_Beta,workload_volume,834.2
2022-12-12,Unit_Beta,leave_usage,11.4
2022-12-12,Unit_Beta,grievances,2.5
2022-12-12,Unit_Beta,workers_comp_claims,0.5
2022-12-12,Unit_Beta,attrition,2.0
2022-12-19,Unit_Beta,headcount,82.7
2022-12-19,Unit_Beta,workload_volume,844.9
2022-12-19,Unit_Beta,leave_usage,11.6
2022-12-19,Unit_Beta,grievances,0.0
2022-12-19,Unit_Beta,workers_comp_claims,0.0
2022-12-19,Unit_Beta,attrition,2.7
2022-12-26,Unit_Beta,headcount,83.4
2022-12-26,Unit_Beta,workload_volume,880.1
2022-12-26,Unit_Beta,leave_usage,11.7
2022-12-26,Unit_Beta,grievances,1.0
2022-12-26,Unit_Beta,workers_comp_claims,0.0
2022-12-26,Unit_Beta,attrition,2.0
2023-01-02,Unit_Beta,headcount,83.3
2023-01-02,Unit_Beta,workload_volume,824.4
2023-01-02,Unit_Beta,leave_usage,12.9
2023-01-02,Unit_Beta,grievances,1.3
2023-01-02,Unit_Beta,workers_comp_claims,0.9
2023-01-02,Unit_Beta,attrition,3.3
2023-01-09,Unit_Beta,headcount,83.7
2023-01-09,Unit_Beta,workload_volume,850.9
2023-01-09,Unit_Beta,leave_usage,11.9
2023-01-09,Unit_Beta,grievances,1.1
2023-01-09,Unit_Beta,workers_comp_claims,1.0
2023-01-09,Unit_Beta,attrition,2.0
2023-01-16,Unit_Beta,headcount,84.9
2023-01-16,Unit_Beta,workload_volume,811.8
2023-01-16,Unit_Beta,leave_usage,12.9
2023-01-16,Unit_Beta,grievances,0.6
2023-01-16,Unit_Beta,workers_comp_claims,0.3
2023-01-16,Unit_Beta,attrition,2.4
2023-01-23,Unit_Beta,headcount,85.4
2023-01-23,Unit_Beta,workload_volume,889.2
2023-01-23,Unit_Beta,leave_usage,11.7
2023-01-23,Unit_Beta,grievances,0.6
2023-01-23,Unit_Beta,workers_comp_claims,0.0
2023-01-23,Unit_Beta,attrition,2.8
2023-01-30,Unit_Beta,headcount,87.6
2023-01-30,Unit_Beta,workload_volume,784.2
2023-01-30,Unit_Beta,leave_usage,12.0
2023-01-30,Unit_Beta,grievances,0.8
2023-01-30,Unit_Beta,workers_comp_claims,0.3
2023-01-30,Unit_Beta,attrition,1.4
2023-02-06,Unit_Beta,headcount,83.3
2023-02-06,Unit_Beta,workload_volume,908.9
2023-02-06,Unit_Beta,leave_usage,8.9
2023-02-06,Unit_Beta,grievances,0.6
2023-02-06,Unit_Beta,workers_comp_claims,0.8
2023-02-06,Unit_Beta,attrition,1.2
2023-02-13,Unit_Beta,headcount,86.7
2023-02-13,Unit_Beta,workload_volume,817.6
2023-02-13,Unit_Beta,leave_usage,13.3
2023-02-13,Unit_Beta,grievances,1.5
2023-02-13,Unit_Beta,workers_comp_claims,0.0
2023-02-13,Unit_Beta,attrition,1.3
2023-02-20,Unit_Beta,headcount,84.6
2023-02-20,Unit_Beta,workload_volume,748.9
2023-02-20,Unit_Beta,leave_usage,12.4
2023-02-20,Unit_Beta,grievances,2.5
2023-02-20,Unit_Beta,workers_comp_claims,0.7
2023-02-20,Unit_Beta,attrition,3.0
2023-02-27,Unit_Beta,headcount,84.9
2023-02-27,Unit_Beta,workload_volume,827.6
2023-02-27,Unit_Beta,leave_usage,13.4
2023-02-27,Unit_Beta,grievances,0.3
2023-02-27,Unit_Beta,workers_comp_claims,0.6
2023-02-27,Unit_Beta,attrition,1.9
2023-03-06,Unit_Beta,headcount,86.1
2023-03-06,Unit_Beta,workload_volume,787.9
2023-03-06,Unit_Beta,leave_usage,7.6
2023-03-06,Unit_Beta,grievances,0.0
2023-03-06,Unit_Beta,workers_comp_claims,0.9
2023-03-06,Unit_Beta,attrition,3.8
2023-03-13,Unit_Beta,headcount,83.1
2023-03-13,Unit_Beta,workload_volume,864.7
2023-03-13,Unit_Beta,leave_usage,15.1
2023-03-13,Unit_Beta,grievances,0.7
2023-03-13,Unit_Beta,workers_comp_claims,0.7
2023-03-13,Unit_Beta,attrition,1.9
2023-03-20,Unit_Beta,headcount,85.7
2023-03-20,Unit_Beta,workload_volume,790.7
2023-03-20,Unit_Beta,leave_usage,11.8
2023-03-20,Unit_Beta,grievances,2.8
2023-03-20,Unit_Beta,workers_comp_claims,0.1
2023-03-20,Unit_Beta,attrition,2.4
2023-03-27,Unit_Beta,headcount,85.3
2023-03-27,Unit_Beta,workload_volume,801.7
2023-03-27,Unit_Beta,leave_usage,13.6
2023-03-27,Unit_Beta,grievances,0.1
2023-03-27,Unit_Beta,workers_comp_claims,1.2
2023-03-27,Unit_Beta,attrition,3.2
2023-04-03,Unit_Beta,headcount,85.8
2023-04-03,Unit_Beta,workload_volume,730.2
2023-04-03,Unit_Beta,leave_usage,10.4
2023-04-03,Unit_Beta,grievances,2.1
2023-04-03,Unit_Beta,workers_comp_claims,0.5
2023-04-03,Unit_Beta,attrition,3.5
2023-04-10,Unit_Beta,headcount,85.5
2023-04-10,Unit_Beta,workload_volume,802.7
2023-04-10,Unit_Beta,leave_usage,12.9
2023-04-10,Unit_Beta,grievances,2.1
2023-04-10,Unit_Beta,workers_comp_claims,0.6
2023-04-10,Unit_Beta,attrition,3.5
2023-04-17,Unit_Beta,headcount,89.2
2023-04-17,Unit_Beta,workload_volume,704.7
2023-04-17,Unit_Beta,leave_usage,10.4
2023-04-17,Unit_Beta,grievances,0.3
2023-04-17,Unit_Beta,workers_comp_claims,0.1
2023-04-17,Unit_Beta,attrition,3.0
2023-04-24,Unit_Beta,headcount,83.9
2023-04-24,Unit_Beta,workload_volume,747.3
2023-04-24,Unit_Beta,leave_usage,11.1
2023-04-24,Unit_Beta,grievances,1.2
2023-04-24,Unit_Beta,workers_comp_claims,0.4
2023-04-24,Unit_Beta,attrition,2.9
2023-05-01,Unit_Beta,headcount,84.1
2023-05-01,Unit_Beta,workload_volume,865.1
2023-05-01,Unit_Beta,leave_usage,14.9
2023-05-01,Unit_Beta,grievances,2.1
2023-05-01,Unit_Beta,workers_comp_claims,0.2
2023-05-01,Unit_Beta,attrition,2.6
2023-05-08,Unit_Beta,headcount,83.9
2023-05-08,Unit_Beta,workload_volume,866.9
2023-05-08,Unit_Beta,leave_usage,11.8
2023-05-08,Unit_Beta,grievances,0.4
2023-05-08,Unit_Beta,workers_comp_claims,0.5
2023-05-08,Unit_Beta,attrition,2.7
2023-05-15,Unit_Beta,headcount,84.1
2023-05-15,Unit_Beta,workload_volume,849.4
2023-05-15,Unit_Beta,leave_usage,12.4
2023-05-15,Unit_Beta,grievances,0.6
2023-05-15,Unit_Beta,workers_comp_claims,1.5
2023-05-15,Unit_Beta,attrition,1.9
2023-05-22,Unit_Beta,headcount,83.9
2023-05-22,Unit_Beta,workload_volume,780.3
2023-05-22,Unit_Beta,leave_usage,13.4
2023-05-22,Unit_Beta,grievances,0.3
2023-05-22,Unit_Beta,workers_comp_claims,0.0
2023-05-22,Unit_Beta,attrition,1.8
2023-05-29,Unit_Beta,headcount,87.0
2023-05-29,Unit_Beta,workload_volume,826.7
2023-05-29,Unit_Beta,leave_usage,12.8
2023-05-29,Unit_Beta,grievances,0.0
2023-05-29,Unit_Beta,workers_comp_claims,0.0
2023-05-29,Unit_Beta,attrition,2.3
2023-06-05,Unit_Beta,headcount,87.4
2023-06-05,Unit_Beta,workload_volume,829.4
2023-06-05,Unit_Beta,leave_usage,12.3
2023-06-05,Unit_Beta,grievances,0.2
2023-06-05,Unit_Beta,workers_comp_claims,1.3
2023-06-05,Unit_Beta,attrition,2.2
2023-06-12,Unit_Beta,headcount,84.0
2023-06-12,Unit_Beta,workload_volume,772.1
2023-06-12,Unit_Beta,leave_usage,12.7
2023-06-12,Unit_Beta,grievances,0.0
2023-06-12,Unit_Beta,workers_comp_claims,0.5
2023-06-12,Unit_Beta,attrition,2.0
2023-06-19,Unit_Beta,headcount,83.6
2023-06-19,Unit_Beta,workload_volume,905.6
2023-06-19,Unit_Beta,leave_usage,15.7
2023-06-19,Unit_Beta,grievances,0.8
2023-06-19,Unit_Beta,workers_comp_claims,0.3
2023-06-19,Unit_Beta,attrition,2.7
2023-06-26,Unit_Beta,headcount,85.8
2023-06-26,Unit_Beta,workload_volume,874.6
2023-06-26,Unit_Beta,leave_usage,12.1
2023-06-26,Unit_Beta,grievances,0.1
2023-06-26,Unit_Beta,workers_comp_claims,1.1
2023-06-26,Unit_Beta,attrition,2.8
2023-07-03,Unit_Beta,headcount,84.1
2023-07-03,Unit_Beta,workload_volume,820.1
2023-07-03,Unit_Beta,leave_usage,12.5
2023-07-03,Unit_Beta,grievances,0.9
2023-07-03,Unit_Beta,workers_comp_claims,0.3
2023-07-03,Unit_Beta,attrition,2.3
2023-07-10,Unit_Beta,headcount,86.1
2023-07-10,Unit_Beta,workload_volume,832.8
2023-07-10,Unit_Beta,leave_usage,13.7
2023-07-10,Unit_Beta,grievances,0.0
2023-07-10,Unit_Beta,workers_comp_claims,1.5
2023-07-10,Unit_Beta,attrition,3.1
2023-07-17,Unit_Beta,headcount,85.3
2023-07-17,Unit_Beta,workload_volume,842.2
2023-07-17,Unit_Beta,leave_usage,13.8
2023-07-17,Unit_Beta,grievances,1.0
2023-07-17,Unit_Beta,workers_comp_claims,0.9
2023-07-17,Unit_Beta,attrition,1.6
2023-07-24,Unit_Beta,headcount,82.4
2023-07-24,Unit_Beta,workload_volume,730.0
2023-07-24,Unit_Beta,leave_usage,14.0
2023-07-24,Unit_Beta,grievances,1.4
2023-07-24,Unit_Beta,workers_comp_claims,0.4
2023-07-24,Unit_Beta,attrition,2.1
2023-07-31,Unit_Beta,headcount,87.6
2023-07-31,Unit_Beta,workload_volume,820.0
2023-07-31,Unit_Beta,leave_usage,13.1
2023-07-31,Unit_Beta,grievances,0.0
2023-07-31,Unit_Beta,workers_comp_claims,1.7
2023-07-31,Unit_Beta,attrition,1.8
2023-08-07,Unit_Beta,headcount,88.1
2023-08-07,Unit_Beta,workload_volume,798.5
2023-08-07,Unit_Beta,leave_usage,10.5
2023-08-07,Unit_Beta,grievances,1.1
2023-08-07,Unit_Beta,workers_comp_claims,0.3
2023-08-07,Unit_Beta,attrition,1.1
2023-08-14,Unit_Beta,headcount,84.0
2023-08-14,Unit_Beta,workload_volume,782.7
2023-08-14,Unit_Beta,leave_usage,14.6
2023-08-14,Unit_Beta,grievances,1.7
2023-08-14,Unit_Beta,workers_comp_claims,1.0
2023-08-14,Unit_Beta,attrition,2.2
2023-08-21,Unit_Beta,headcount,84.3
2023-08-21,Unit_Beta,workload_volume,819.0
2023-08-21,Unit_Beta,leave_usage,10.5
2023-08-21,Unit_Beta,grievances,0.0
2023-08-21,Unit_Beta,workers_comp_claims,0.8
2023-08-21,Unit_Beta,attrition,2.2
2023-08-28,Unit_Beta,headcount,85.5
2023-08-28,Unit_Beta,workload_volume,923.1
2023-08-28,Unit_Beta,leave_usage,12.6
2023-08-28,Unit_Beta,grievances,2.1
2023-08-28,Unit_Beta,workers_comp_claims,1.3
2023-08-28,Unit_Beta,attrition,3.2
2023-09-04,Unit_Beta,headcount,85.6
2023-09-04,Unit_Beta,workload_volume,865.4
2023-09-04,Unit_Beta,leave_usage,11.1
2023-09-04,Unit_Beta,grievances,1.1
2023-09-04,Unit_Beta,workers_comp_claims,1.4
2023-09-04,Unit_Beta,attrition,2.6
2023-09-11,Unit_Beta,headcount,86.1
2023-09-11,Unit_Beta,workload_volume,804.9
2023-09-11,Unit_Beta,leave_usage,12.1
2023-09-11,Unit_Beta,grievances,0.2
2023-09-11,Unit_Beta,workers_comp_claims,0.6
2023-09-11,Unit_Beta,attrition,1.6
2023-09-18,Unit_Beta,headcount,88.4
2023-09-18,Unit_Beta,workload_volume,862.2
2023-09-18,Unit_Beta,leave_usage,12.7
2023-09-18,Unit_Beta,grievances,0.7
2023-09-18,Unit_Beta,workers_comp_claims,0.2
2023-09-18,Unit_Beta,attrition,3.4
2023-09-25,Unit_Beta,headcount,84.7
2023-09-25,Unit_Beta,workload_volume,903.6
2023-09-25,Unit_Beta,leave_usage,12.7
2023-09-25,Unit_Beta,grievances,1.2
2023-09-25,Unit_Beta,workers_comp_claims,0.8
2023-09-25,Unit_Beta,attrition,3.0
2023-10-02,Unit_Beta,headcount,83.6
2023-10-02,Unit_Beta,workload_volume,880.0
2023-10-02,Unit_Beta,leave_usage,12.8
2023-10-02,Unit_Beta,grievances,0.8
2023-10-02,Unit_Beta,workers_comp_claims,0.3
2023-10-02,Unit_Beta,attrition,2.6
2023-10-09,Unit_Beta,headcount,82.7
2023-10-09,Unit_Beta,workload_volume,836.8
2023-10-09,Unit_Beta,leave_usage,14.6
2023-10-09,Unit_Beta,grievances,1.2
2023-10-09,Unit_Beta,workers_comp_claims,1.6
2023-10-09,Unit_Beta,attrition,2.1
2023-10-16,Unit_Beta,headcount,83.8
2023-10-16,Unit_Beta,workload_volume,801.4
2023-10-16,Unit_Beta,leave_usage,12.9
2023-10-16,Unit_Beta,grievances,0.0
2023-10-16,Unit_Beta,workers_comp_claims,0.7
2023-10-16,Unit_Beta,attrition,1.7
2023-10-23,Unit_Beta,headcount,84.9
2023-10-23,Unit_Beta,workload_volume,868.7
2023-10-23,Unit_Beta,leave_usage,11.8
2023-10-23,Unit_Beta,grievances,0.9
2023-10-23,Unit_Beta,workers_comp_claims,0.4
2023-10-23,Unit_Beta,attrition,2.0
2023-10-30,Unit_Beta,headcount,88.1
2023-10-30,Unit_Beta,workload_volume,853.4
2023-10-30,Unit_Beta,leave_usage,13.6
2023-10-30,Unit_Beta,grievances,0.0
2023-10-30,Unit_Beta,workers_comp_claims,0.7
2023-10-30,Unit_Beta,attrition,2.9
2023-11-06,Unit_Beta,headcount,84.1
2023-11-06,Unit_Beta,workload_volume,878.4
2023-11-06,Unit_Beta,leave_usage,14.0
2023-11-06,Unit_Beta,grievances,0.7
2023-11-06,Unit_Beta,workers_comp_claims,0.0
2023-11-06,Unit_Beta,attrition,3.4
2023-11-13,Unit_Beta,headcount,85.4
2023-11-13,Unit_Beta,workload_volume,865.4
2023-11-13,Unit_Beta,leave_usage,10.4
2023-11-13,Unit_Beta,grievances,0.0
2023-11-13,Unit_Beta,workers_comp_claims,0.1
2023-11-13,Unit_Beta,attrition,3.2
2023-11-20,Unit_Beta,headcount,85.0
2023-11-20,Unit_Beta,workload_volume,886.0
2023-11-20,Unit_Beta,leave_usage,13.1
2023-11-20,Unit_Beta,grievances,0.2
2023-11-20,Unit_Beta,workers_comp_claims,1.2
2023-11-20,Unit_Beta,attrition,2.0
2023-11-27,Unit_Beta,headcount,87.0
2023-11-27,Unit_Beta,workload_volume,806.6
2023-11-27,Unit_Beta,leave_usage,13.2
2023-11-27,Unit_Beta,grievances,1.7
2023-11-27,Unit_Beta,workers_comp_claims,0.3
2023-11-27,Unit_Beta,attrition,1.6
2023-12-04,Unit_Beta,headcount,89.3
2023-12-04,Unit_Beta,workload_volume,899.1
2023-12-04,Unit_Beta,leave_usage,11.7
2023-12-04,Unit_Beta,grievances,1.6
2023-12-04,Unit_Beta,workers_comp_claims,0.1
2023-12-04,Unit_Beta,attrition,2.3
2023-12-11,Unit_Beta,headcount,84.1
2023-12-11,Unit_Beta,workload_volume,842.9
2023-12-11,Unit_Beta,leave_usage,14.2
2023-12-11,Unit_Beta,grievances,1.2
2023-12-11,Unit_Beta,workers_comp_claims,0.9
2023-12-11,Unit_Beta,attrition,1.2
2023-12-18,Unit_Beta,headcount,84.2
2023-12-18,Unit_Beta,workload_volume,936.6
2023-12-18,Unit_Beta,leave_usage,11.9
2023-12-18,Unit_Beta,grievances,0.0
2023-12-18,Unit_Beta,workers_comp_claims,1.2
2023-12-18,Unit_Beta,attrition,2.5
2023-12-25,Unit_Beta,headcount,86.8
2023-12-25,Unit_Beta,workload_volume,798.1
2023-12-25,Unit_Beta,leave_usage,12.3
2023-12-25,Unit_Beta,grievances,0.5
2023-12-25,Unit_Beta,workers_comp_claims,1.0
2023-12-25,Unit_Beta,attrition,2.2
2024-01-01,Unit_Beta,headcount,86.2
2024-01-01,Unit_Beta,workload_volume,919.2
2024-01-01,Unit_Beta,leave_usage,11.9
2024-01-01,Unit_Beta,grievances,1.7
2024-01-01,Unit_Beta,workers_comp_claims,1.1
2024-01-01,Unit_Beta,attrition,2.0
2024-01-08,Unit_Beta,headcount,88.1
2024-01-08,Unit_Beta,workload_volume,842.0
2024-01-08,Unit_Beta,leave_usage,12.2
2024-01-08,Unit_Beta,grievances,0.9
2024-01-08,Unit_Beta,workers_comp_claims,0.2
2024-01-08,Unit_Beta,attrition,1.3
2024-01-15,Unit_Beta,headcount,86.0
2024-01-15,Unit_Beta,workload_volume,799.2
2024-01-15,Unit_Beta,leave_usage,10.5
2024-01-15,Unit_Beta,grievances,2.6
2024-01-15,Unit_Beta,workers_comp_claims,0.0
2024-01-15,Unit_Beta,attrition,2.6
2024-01-22,Unit_Beta,headcount,84.4
2024-01-22,Unit_Beta,workload_volume,807.3
2024-01-22,Unit_Beta,leave_usage,10.0
2024-01-22,Unit_Beta,grievances,1.1
2024-01-22,Unit_Beta,workers_comp_claims,1.4
2024-01-22,Unit_Beta,attrition,1.9
2024-01-29,Unit_Beta,headcount,86.0
2024-01-29,Unit_Beta,workload_volume,815.1
2024-01-29,Unit_Beta,leave_usage,14.5
2024-01-29,Unit_Beta,grievances,0.9
2024-01-29,Unit_Beta,workers_comp_claims,0.4
2024-01-29,Unit_Beta,attrition,1.6
2024-02-05,Unit_Beta,headcount,86.9
2024-02-05,Unit_Beta,workload_volume,852.0
2024-02-05,Unit_Beta,leave_usage,10.8
2024-02-05,Unit_Beta,grievances,0.5
2024-02-05,Unit_Beta,workers_comp_claims,0.5
2024-02-05,Unit_Beta,attrition,0.5
2024-02-12,Unit_Beta,headcount,86.4
2024-02-12,Unit_Beta,workload_volume,856.5
2024-02-12,Unit_Beta,leave_usage,10.6
2024-02-12,Unit_Beta,grievances,0.9
2024-02-12,Unit_Beta,workers_comp_claims,1.3
2024-02-12,Unit_Beta,attrition,2.2
2024-02-19,Unit_Beta,headcount,85.9
2024-02-19,Unit_Beta,workload_volume,801.3
2024-02-19,Unit_Beta,leave_usage,8.9
2024-02-19,Unit_Beta,grievances,0.6
2024-02-19,Unit_Beta,workers_comp_claims,0.9
2024-02-19,Unit_Beta,attrition,3.3
2024-02-26,Unit_Beta,headcount,86.8
2024-02-26,Unit_Beta,workload_volume,828.3
2024-02-26,Unit_Beta,leave_usage,11.1
2024-02-26,Unit_Beta,grievances,1.3
2024-02-26,Unit_Beta,workers_comp_claims,0.8
2024-02-26,Unit_Beta,attrition,3.3
2024-03-04,Unit_Beta,headcount,87.0
2024-03-04,Unit_Beta,workload_volume,936.2
2024-03-04,Unit_Beta,leave_usage,10.1
2024-03-04,Unit_Beta,grievances,1.5
2024-03-04,Unit_Beta,workers_comp_claims,1.7
2024-03-04,Unit_Beta,attrition,2.0
2024-03-11,Unit_Beta,headcount,87.3
2024-03-11,Unit_Beta,workload_volume,915.0
2024-03-11,Unit_Beta,leave_usage,14.5
2024-03-11,Unit_Beta,grievances,0.1
2024-03-11,Unit_Beta,workers_comp_claims,0.3
2024-03-11,Unit_Beta,attrition,1.9
2024-03-18,Unit_Beta,headcount,86.1
2024-03-18,Unit_Beta,workload_volume,849.9
2024-03-18,Unit_Beta,leave_usage,13.6
2024-03-18,Unit_Beta,grievances,0.0
2024-03-18,Unit_Beta,workers_comp_claims,1.1
2024-03-18,Unit_Beta,attrition,2.5
2024-03-25,Unit_Beta,headcount,84.7
2024-03-25,Unit_Beta,workload_volume,829.5
2024-03-25,Unit_Beta,leave_usage,11.0
2024-03-25,Unit_Beta,grievances,0.0
2024-03-25,Unit_Beta,workers_comp_claims,0.6
2024-03-25,Unit_Beta,attrition,1.7
2024-04-01,Unit_Beta,headcount,85.2
2024-04-01,Unit_Beta,workload_volume,833.1
2024-04-01,Unit_Beta,leave_usage,15.4
2024-04-01,Unit_Beta,grievances,1.2
2024-04-01,Unit_Beta,workers_comp_claims,0.7
2024-04-01,Unit_Beta,attrition,2.4
2024-04-08,Unit_Beta,headcount,87.1
2024-04-08,Unit_Beta,workload_volume,857.2
2024-04-08,Unit_Beta,leave_usage,13.5
2024-04-08,Unit_Beta,grievances,0.0
2024-04-08,Unit_Beta,workers_comp_claims,1.4
2024-04-08,Unit_Beta,attrition,2.7
2024-04-15,Unit_Beta,headcount,83.6
2024-04-15,Unit_Beta,workload_volume,774.8
2024-04-15,Unit_Beta,leave_usage,11.5
2024-04-15,Unit_Beta,grievances,0.0
2024-04-15,Unit_Beta,workers_comp_claims,0.9
2024-04-15,Unit_Beta,attrition,3.0
2024-04-22,Unit_Beta,headcount,85.6
2024-04-22,Unit_Beta,workload_volume,812.5
2024-04-22,Unit_Beta,leave_usage,8.2
2024-04-22,Unit_Beta,grievances,1.1
2024-04-22,Unit_Beta,workers_comp_claims,0.9
2024-04-22,Unit_Beta,attrition,2.2
2024-04-29,Unit_Beta,headcount,84.3
2024-04-29,Unit_Beta,workload_volume,741.3
2024-04-29,Unit_Beta,leave_usage,15.4
2024-04-29,Unit_Beta,grievances,2.7
2024-04-29,Unit_Beta,workers_comp_claims,1.1
2024-04-29,Unit_Beta,attrition,2.1
2024-05-06,Unit_Beta,headcount,85.0
2024-05-06,Unit_Beta,workload_volume,844.0
2024-05-06,Unit_Beta,leave_usage,9.8
2024-05-06,Unit_Beta,grievances,0.8
2024-05-06,Unit_Beta,workers_comp_claims,0.4
2024-05-06,Unit_Beta,attrition,1.7
2024-05-13,Unit_Beta,headcount,87.2
2024-05-13,Unit_Beta,workload_volume,855.8
2024-05-13,Unit_Beta,leave_usage,9.4
2024-05-13,Unit_Beta,grievances,1.4
2024-05-13,Unit_Beta,workers_comp_claims,0.2
2024-05-13,Unit_Beta,attrition,1.8
2024-05-20,Unit_Beta,headcount,85.3
2024-05-20,Unit_Beta,workload_volume,798.6
2024-05-20,Unit_Beta,leave_usage,13.4
2024-05-20,Unit_Beta,grievances,0.8
2024-05-20,Unit_Beta,workers_comp_claims,0.1
2024-05-20,Unit_Beta,attrition,2.1
2024-05-27,Unit_Beta,headcount,85.1
2024-05-27,Unit_Beta,workload_volume,900.7
2024-05-27,Unit_Beta,leave_usage,15.5
2024-05-27,Unit_Beta,grievances,0.7
2024-05-27,Unit_Beta,workers_comp_claims,0.0
2024-05-27,Unit_Beta,attrition,2.5
2024-06-03,Unit_Beta,headcount,82.7
2024-06-03,Unit_Beta,workload_volume,760.0
2024-06-03,Unit_Beta,leave_usage,13.9
2024-06-03,Unit_Beta,grievances,1.5
2024-06-03,Unit_Beta,workers_comp_claims,1.6
2024-06-03,Unit_Beta,attrition,2.8
2024-06-10,Unit_Beta,headcount,86.3
2024-06-10,Unit_Beta,workload_volume,747.3
2024-06-10,Unit_Beta,leave_usage,12.7
2024-06-10,Unit_Beta,grievances,0.5
2024-06-10,Unit_Beta,workers_comp_claims,0.1
2024-06-10,Unit_Beta,attrition,1.8
2024-06-17,Unit_Beta,headcount,86.1
2024-06-17,Unit_Beta,workload_volume,831.0
2024-06-17,Unit_Beta,leave_usage,12.7
2024-06-17,Unit_Beta,grievances,1.0
2024-06-17,Unit_Beta,workers_comp_claims,0.5
2024-06-17,Unit_Beta,attrition,3.2
2024-06-24,Unit_Beta,headcount,88.7
2024-06-24,Unit_Beta,workload_volume,871.4
2024-06-24,Unit_Beta,leave_usage,13.1
2024-06-24,Unit_Beta,grievances,1.0
2024-06-24,Unit_Beta,workers_comp_claims,0.5
2024-06-24,Unit_Beta,attrition,2.1
2022-01-03,Unit_Gamma,headcount,199.9
2022-01-03,Unit_Gamma,workload_volume,1279.3
2022-01-03,Unit_Gamma,leave_usage,39.8
2022-01-03,Unit_Gamma,grievances,0.0
2022-01-03,Unit_Gamma,workers_comp_claims,1.0
2022-01-03,Unit_Gamma,attrition,3.0
2022-01-10,Unit_Gamma,headcount,197.0
2022-01-10,Unit_Gamma,workload_volume,1227.7
2022-01-10,Unit_Gamma,leave_usage,40.1
2022-01-10,Unit_Gamma,grievances,2.3
2022-01-10,Unit_Gamma,workers_comp_claims,1.3
2022-01-10,Unit_Gamma,attrition,4.1
2022-01-17,Unit_Gamma,headcount,190.3
2022-01-17,Unit_Gamma,workload_volume,1296.5
2022-01-17,Unit_Gamma,leave_usage,39.7
2022-01-17,Unit_Gamma,grievances,0.5
2022-01-17,Unit_Gamma,workers_comp_claims,0.3
2022-01-17,Unit_Gamma,attrition,4.3
2022-01-24,Unit_Gamma,headcount,203.5
2022-01-24,Unit_Gamma,workload_volume,1187.0
2022-01-24,Unit_Gamma,leave_usage,39.1
2022-01-24,Unit_Gamma,grievances,0.7
2022-01-24,Unit_Gamma,workers_comp_claims,0.0
2022-01-24,Unit_Gamma,attrition,3.5
2022-01-31,Unit_Gamma,headcount,202.9
2022-01-31,Unit_Gamma,workload_volume,1262.1
2022-01-31,Unit_Gamma,leave_usage,40.4
2022-01-31,Unit_Gamma,grievances,0.8
2022-01-31,Unit_Gamma,workers_comp_claims,0.7
2022-01-31,Unit_Gamma,attrition,3.5
2022-02-07,Unit_Gamma,headcount,198.9
2022-02-07,Unit_Gamma,workload_volume,1354.2
2022-02-07,Unit_Gamma,leave_usage,40.8
2022-02-07,Unit_Gamma,grievances,2.3
2022-02-07,Unit_Gamma,workers_comp_claims,0.4
2022-02-07,Unit_Gamma,attrition,3.9
2022-02-14,Unit_Gamma,headcount,200.3
2022-02-14,Unit_Gamma,workload_volume,1208.6
2022-02-14,Unit_Gamma,leave_usage,38.6
2022-02-14,Unit_Gamma,grievances,0.0
2022-02-14,Unit_Gamma,workers_comp_claims,0.7
2022-02-14,Unit_Gamma,attrition,3.5
2022-02-21,Unit_Gamma,headcount,202.1
2022-02-21,Unit_Gamma,workload_volume,1226.2
2022-02-21,Unit_Gamma,leave_usage,42.4
2022-02-21,Unit_Gamma,grievances,3.8
2022-02-21,Unit_Gamma,workers_comp_claims,0.9
2022-02-21,Unit_Gamma,attrition,3.7
2022-02-28,Unit_Gamma,headcount,193.7
2022-02-28,Unit_Gamma,workload_volume,1287.2
2022-02-28,Unit_Gamma,leave_usage,40.1
2022-02-28,Unit_Gamma,grievances,2.1
2022-02-28,Unit_Gamma,workers_comp_claims,0.8
2022-02-28,Unit_Gamma,attrition,5.0
2022-03-07,Unit_Gamma,headcount,197.9
2022-03-07,Unit_Gamma,workload_volume,1271.9
2022-03-07,Unit_Gamma,leave_usage,40.3
2022-03-07,Unit_Gamma,grievances,1.4
2022-03-07,Unit_Gamma,workers_comp_claims,1.7
2022-03-07,Unit_Gamma,attrition,3.6
2022-03-14,Unit_Gamma,headcount,203.2
2022-03-14,Unit_Gamma,workload_volume,1281.9
2022-03-14,Unit_Gamma,leave_usage,41.4
2022-03-14,Unit_Gamma,grievances,1.2
2022-03-14,Unit_Gamma,workers_comp_claims,1.2
2022-03-14,Unit_Gamma,attrition,3.5
2022-03-21,Unit_Gamma,headcount,195.0
2022-03-21,Unit_Gamma,workload_volume,1290.3
2022-03-21,Unit_Gamma,leave_usage,40.7
2022-03-21,Unit_Gamma,grievances,1.5
2022-03-21,Unit_Gamma,workers_comp_claims,1.2
2022-03-21,Unit_Gamma,attrition,3.4
2022-03-28,Unit_Gamma,headcount,201.2
2022-03-28,Unit_Gamma,workload_volume,1299.0
2022-03-28,Unit_Gamma,leave_usage,41.8
2022-03-28,Unit_Gamma,grievances,1.7
2022-03-28,Unit_Gamma,workers_comp_claims,1.3
2022-03-28,Unit_Gamma,attrition,4.2
2022-04-04,Unit_Gamma,headcount,194.6
2022-04-04,Unit_Gamma,workload_volume,1324.1
2022-04-04,Unit_Gamma,leave_usage,40.9
2022-04-04,Unit_Gamma,grievances,1.8
2022-04-04,Unit_Gamma,workers_comp_claims,0.4
2022-04-04,Unit_Gamma,attrition,3.6
2022-04-11,Unit_Gamma,headcount,201.9
2022-04-11,Unit_Gamma,workload_volume,1290.5
2022-04-11,Unit_Gamma,leave_usage,39.6
2022-04-11,Unit_Gamma,grievances,1.7
2022-04-11,Unit_Gamma,workers_comp_claims,1.5
2022-04-11,Unit_Gamma,attrition,3.4
2022-04-18,Unit_Gamma,headcount,199.9
2022-04-18,Unit_Gamma,workload_volume,1259.4
2022-04-18,Unit_Gamma,leave_usage,41.1
2022-04-18,Unit_Gamma,grievances,1.3
2022-04-18,Unit_Gamma,workers_comp_claims,1.0
2022-04-18,Unit_Gamma,attrition,4.5
2022-04-25,Unit_Gamma,headcount,193.5
2022-04-25,Unit_Gamma,workload_volume,1306.5
2022-04-25,Unit_Gamma,leave_usage,38.8
2022-04-25,Unit_Gamma,grievances,1.1
2022-04-25,Unit_Gamma,workers_comp_claims,1.3
2022-04-25,Unit_Gamma,attrition,4.6
2022-05-02,Unit_Gamma,headcount,204.7
2022-05-02,Unit_Gamma,workload_volume,1369.2
2022-05-02,Unit_Gamma,leave_usage,40.7
2022-05-02,Unit_Gamma,grievances,1.1
2022-05-02,Unit_Gamma,workers_comp_claims,0.5
2022-05-02,Unit_Gamma,attrition,3.4
2022-05-09,Unit_Gamma,headcount,197.1
2022-05-09,Unit_Gamma,workload_volume,1269.0
2022-05-09,Unit_Gamma,leave_usage,40.6
2022-05-09,Unit_Gamma,grievances,1.1
2022-05-09,Unit_Gamma,workers_comp_claims,0.2
2022-05-09,Unit_Gamma,attrition,2.6
2022-05-16,Unit_Gamma,headcount,196.8
2022-05-16,Unit_Gamma,workload_volume,1228.3
2022-05-16,Unit_Gamma,leave_usage,40.3
2022-05-16,Unit_Gamma,grievances,2.2
2022-05-16,Unit_Gamma,workers_comp_claims,1.4
2022-05-16,Unit_Gamma,attrition,4.4
2022-05-23,Unit_Gamma,headcount,200.8
2022-05-23,Unit_Gamma,workload_volume,1333.7
2022-05-23,Unit_Gamma,leave_usage,40.5
2022-05-23,Unit_Gamma,grievances,1.7
2022-05-23,Unit_Gamma,workers_comp_claims,1.2
2022-05-23,Unit_Gamma,attrition,3.3
2022-05-30,Unit_Gamma,headcount,204.6
2022-05-30,Unit_Gamma,workload_volume,1273.7
2022-05-30,Unit_Gamma,leave_usage,37.9
2022-05-30,Unit_Gamma,grievances,0.0
2022-05-30,Unit_Gamma,workers_comp_claims,0.6
2022-05-30,Unit_Gamma,attrition,4.2
2022-06-06,Unit_Gamma,headcount,195.9
2022-06-06,Unit_Gamma,workload_volume,1172.5
2022-06-06,Unit_Gamma,leave_usage,39.9
2022-06-06,Unit_Gamma,grievances,1.8
2022-06-06,Unit_Gamma,workers_comp_claims,0.6
2022-06-06,Unit_Gamma,attrition,2.6
2022-06-13,Unit_Gamma,headcount,200.2
2022-06-13,Unit_Gamma,workload_volume,1324.8
2022-06-13,Unit_Gamma,leave_usage,40.9
2022-06-13,Unit_Gamma,grievances,1.4
2022-06-13,Unit_Gamma,workers_comp_claims,1.6
2022-06-13,Unit_Gamma,attrition,4.3
2022-06-20,Unit_Gamma,headcount,201.7
2022-06-20,Unit_Gamma,workload_volume,1257.0
2022-06-20,Unit_Gamma,leave_usage,41.0
2022-06-20,Unit_Gamma,grievances,1.2
2022-06-20,Unit_Gamma,workers_comp_claims,0.4
2022-06-20,Unit_Gamma,attrition,3.0
2022-06-27,Unit_Gamma,headcount,202.8
2022-06-27,Unit_Gamma,workload_volume,1280.6
2022-06-27,Unit_Gamma,leave_usage,39.3
2022-06-27,Unit_Gamma,grievances,0.9
2022-06-27,Unit_Gamma,workers_comp_claims,1.8
2022-06-27,Unit_Gamma,attrition,4.2
2022-07-04,Unit_Gamma,headcount,200.7
2022-07-04,Unit_Gamma,workload_volume,1303.0
2022-07-04,Unit_Gamma,leave_usage,42.8
2022-07-04,Unit_Gamma,grievances,2.2
2022-07-04,Unit_Gamma,workers_comp_claims,0.6
2022-07-04,Unit_Gamma,attrition,3.8
2022-07-11,Unit_Gamma,headcount,198.5
2022-07-11,Unit_Gamma,workload_volume,1297.2
2022-07-11,Unit_Gamma,leave_usage,39.6
2022-07-11,Unit_Gamma,grievances,2.0
2022-07-11,Unit_Gamma,workers_comp_claims,1.3
2022-07-11,Unit_Gamma,attrition,3.2
2022-07-18,Unit_Gamma,headcount,196.7
2022-07-18,Unit_Gamma,workload_volume,1324.5
2022-07-18,Unit_Gamma,leave_usage,42.4
2022-07-18,Unit_Gamma,grievances,0.6
2022-07-18,Unit_Gamma,workers_comp_claims,0.8
2022-07-18,Unit_Gamma,attrition,3.5
2022-07-25,Unit_Gamma,headcount,200.3
2022-07-25,Unit_Gamma,workload_volume,1268.5
2022-07-25,Unit_Gamma,leave_usage,41.6
2022-07-25,Unit_Gamma,grievances,1.6
2022-07-25,Unit_Gamma,workers_comp_claims,1.3
2022-07-25,Unit_Gamma,attrition,4.2
2022-08-01,Unit_Gamma,headcount,195.7
2022-08-01,Unit_Gamma,workload_volume,1317.2
2022-08-01,Unit_Gamma,leave_usage,40.0
2022-08-01,Unit_Gamma,grievances,0.5
2022-08-01,Unit_Gamma,workers_comp_claims,0.7
2022-08-01,Unit_Gamma,attrition,3.8
2022-08-08,Unit_Gamma,headcount,188.3
2022-08-08,Unit_Gamma,workload_volume,1279.8
2022-08-08,Unit_Gamma,leave_usage,43.7
2022-08-08,Unit_Gamma,grievances,0.1
2022-08-08,Unit_Gamma,workers_comp_claims,0.9
2022-08-08,Unit_Gamma,attrition,4.1
2022-08-15,Unit_Gamma,headcount,201.7
2022-08-15,Unit_Gamma,workload_volume,1331.0
2022-08-15,Unit_Gamma,leave_usage,39.3
2022-08-15,Unit_Gamma,grievances,0.8
2022-08-15,Unit_Gamma,workers_comp_claims,1.0
2022-08-15,Unit_Gamma,attrition,4.9
2022-08-22,Unit_Gamma,headcount,203.6
2022-08-22,Unit_Gamma,workload_volume,1326.1
2022-08-22,Unit_Gamma,leave_usage,42.5
2022-08-22,Unit_Gamma,grievances,1.9
2022-08-22,Unit_Gamma,workers_comp_claims,0.5
2022-08-22,Unit_Gamma,attrition,2.8
2022-08-29,Unit_Gamma,headcount,190.5
2022-08-29,Unit_Gamma,workload_volume,1249.8
2022-08-29,Unit_Gamma,leave_usage,42.6
2022-08-29,Unit_Gamma,grievances,2.0
2022-08-29,Unit_Gamma,workers_comp_claims,1.4
2022-08-29,Unit_Gamma,attrition,4.7
2022-09-05,Unit_Gamma,headcount,196.0
2022-09-05,Unit_Gamma,workload_volume,1352.0
2022-09-05,Unit_Gamma,leave_usage,40.1
2022-09-05,Unit_Gamma,grievances,1.7
2022-09-05,Unit_Gamma,workers_comp_claims,0.7
2022-09-05,Unit_Gamma,attrition,3.8
2022-09-12,Unit_Gamma,headcount,202.5
2022-09-12,Unit_Gamma,workload_volume,1272.1
2022-09-12,Unit_Gamma,leave_usage,43.3
2022-09-12,Unit_Gamma,grievances,1.8
2022-09-12,Unit_Gamma,workers_comp_claims,0.9
2022-09-12,Unit_Gamma,attrition,3.2
2022-09-19,Unit_Gamma,headcount,208.2
2022-09-19,Unit_Gamma,workload_volume,1340.5
2022-09-19,Unit_Gamma,leave_usage,40.8
2022-09-19,Unit_Gamma,grievances,1.7
2022-09-19,Unit_Gamma,workers_comp_claims,0.5
2022-09-19,Unit_Gamma,attrition,3.0
2022-09-26,Unit_Gamma,headcount,200.1
2022-09-26,Unit_Gamma,workload_volume,1319.6
2022-09-26,Unit_Gamma,leave_usage,41.7
2022-09-26,Unit_Gamma,grievances,0.7
2022-09-26,Unit_Gamma,workers_comp_claims,0.0
2022-09-26,Unit_Gamma,attrition,3.6
2022-10-03,Unit_Gamma,headcount,197.1
2022-10-03,Unit_Gamma,workload_volume,1394.3
2022-10-03,Unit_Gamma,leave_usage,41.6
2022-10-03,Unit_Gamma,grievances,1.6
2022-10-03,Unit_Gamma,workers_comp_claims,0.9
2022-10-03,Unit_Gamma,attrition,4.3
2022-10-10,Unit_Gamma,headcount,199.3
2022-10-10,Unit_Gamma,workload_volume,1292.4
2022-10-10,Unit_Gamma,leave_usage,41.1
2022-10-10,Unit_Gamma,grievances,1.9
2022-10-10,Unit_Gamma,workers_comp_claims,2.2
2022-10-10,Unit_Gamma,attrition,3.7
2022-10-17,Unit_Gamma,headcount,205.5
2022-10-17,Unit_Gamma,workload_volume,1287.2
2022-10-17,Unit_Gamma,leave_usage,42.5
2022-10-17,Unit_Gamma,grievances,1.9
2022-10-17,Unit_Gamma,workers_comp_claims,1.4
2022-10-17,Unit_Gamma,attrition,4.7
2022-10-24,Unit_Gamma,headcount,197.4
2022-10-24,Unit_Gamma,workload_volume,1304.8
2022-10-24,Unit_Gamma,leave_usage,42.5
2022-10-24,Unit_Gamma,grievances,2.2
2022-10-24,Unit_Gamma,workers_comp_claims,1.0
2022-10-24,Unit_Gamma,attrition,2.9
2022-10-31,Unit_Gamma,headcount,196.8
2022-10-31,Unit_Gamma,workload_volume,1291.7
2022-10-31,Unit_Gamma,leave_usage,38.7
2022-10-31,Unit_Gamma,grievances,1.8
2022-10-31,Unit_Gamma,workers_comp_claims,0.9
2022-10-31,Unit_Gamma,attrition,3.7
2022-11-07,Unit_Gamma,headcount,198.1
2022-11-07,Unit_Gamma,workload_volume,1348.0
2022-11-07,Unit_Gamma,leave_usage,43.3
2022-11-07,Unit_Gamma,grievances,1.5
2022-11-07,Unit_Gamma,workers_comp_claims,1.0
2022-11-07,Unit_Gamma,attrition,3.0
2022-11-14,Unit_Gamma,headcount,196.2
2022-11-14,Unit_Gamma,workload_volume,1228.2
2022-11-14,Unit_Gamma,leave_usage,38.9
2022-11-14,Unit_Gamma,grievances,2.1
2022-11-14,Unit_Gamma,workers_comp_claims,1.3
2022-11-14,Unit_Gamma,attrition,4.0
2022-11-21,Unit_Gamma,headcount,200.5
2022-11-21,Unit_Gamma,workload_volume,1257.4
2022-11-21,Unit_Gamma,leave_usage,43.0
2022-11-21,Unit_Gamma,grievances,1.2
2022-11-21,Unit_Gamma,workers_comp_claims,0.4
2022-11-21,Unit_Gamma,attrition,4.3
2022-11-28,Unit_Gamma,headcount,206.5
2022-11-28,Unit_Gamma,workload_volume,1257.7
2022-11-28,Unit_Gamma,leave_usage,43.1
2022-11-28,Unit_Gamma,grievances,0.5
2022-11-28,Unit_Gamma,workers_comp_claims,1.6
2022-11-28,Unit_Gamma,attrition,3.5
2022-12-05,Unit_Gamma,headcount,201.3
2022-12-05,Unit_Gamma,workload_volume,1359.6
2022-12-05,Unit_Gamma,leave_usage,39.8
2022-12-05,Unit_Gamma,grievances,1.1
2022-12-05,Unit_Gamma,workers_comp_claims,1.4
2022-12-05,Unit_Gamma,attrition,2.2
2022-12-12,Unit_Gamma,headcount,199.0
2022-12-12,Unit_Gamma,workload_volume,1398.6
2022-12-12,Unit_Gamma,leave_usage,40.9
2022-12-12,Unit_Gamma,grievances,0.7
2022-12-12,Unit_Gamma,workers_comp_claims,1.4
2022-12-12,Unit_Gamma,attrition,3.9
2022-12-19,Unit_Gamma,headcount,198.8
2022-12-19,Unit_Gamma,workload_volume,1308.9
2022-12-19,Unit_Gamma,leave_usage,39.9
2022-12-19,Unit_Gamma,grievances,0.7
2022-12-19,Unit_Gamma,workers_comp_claims,1.2
2022-12-19,Unit_Gamma,attrition,4.0
2022-12-26,Unit_Gamma,headcount,193.7
2022-12-26,Unit_Gamma,workload_volume,1306.6
2022-12-26,Unit_Gamma,leave_usage,41.2
2022-12-26,Unit_Gamma,grievances,1.1
2022-12-26,Unit_Gamma,workers_comp_claims,1.0
2022-12-26,Unit_Gamma,attrition,4.0
2023-01-02,Unit_Gamma,headcount,203.5
2023-01-02,Unit_Gamma,workload_volume,1319.5
2023-01-02,Unit_Gamma,leave_usage,41.1
2023-01-02,Unit_Gamma,grievances,0.6
2023-01-02,Unit_Gamma,workers_comp_claims,1.3
2023-01-02,Unit_Gamma,attrition,4.5
2023-01-09,Unit_Gamma,headcount,199.7
2023-01-09,Unit_Gamma,workload_volume,1375.0
2023-01-09,Unit_Gamma,leave_usage,42.8
2023-01-09,Unit_Gamma,grievances,1.0
2023-01-09,Unit_Gamma,workers_comp_claims,1.3
2023-01-09,Unit_Gamma,attrition,3.1
2023-01-16,Unit_Gamma,headcount,199.3
2023-01-16,Unit_Gamma,workload_volume,1271.4
2023-01-16,Unit_Gamma,leave_usage,43.6
2023-01-16,Unit_Gamma,grievances,0.0
2023-01-16,Unit_Gamma,workers_comp_claims,0.8
2023-01-16,Unit_Gamma,attrition,4.2
2023-01-23,Unit_Gamma,headcount,212.8
2023-01-23,Unit_Gamma,workload_volume,1330.6
2023-01-23,Unit_Gamma,leave_usage,43.7
2023-01-23,Unit_Gamma,grievances,1.4
2023-01-23,Unit_Gamma,workers_comp_claims,0.7
2023-01-23,Unit_Gamma,attrition,4.5
2023-01-30,Unit_Gamma,headcount,201.2
2023-01-30,Unit_Gamma,workload_volume,1368.3
2023-01-30,Unit_Gamma,leave_usage,40.8
2023-01-30,Unit_Gamma,grievances,1.3
2023-01-30,Unit_Gamma,workers_comp_claims,1.1
2023-01-30,Unit_Gamma,attrition,2.7
2023-02-06,Unit_Gamma,headcount,197.0
2023-02-06,Unit_Gamma,workload_volume,1345.5
2023-02-06,Unit_Gamma,leave_usage,41.4
2023-02-06,Unit_Gamma,grievances,0.6
2023-02-06,Unit_Gamma,workers_comp_claims,1.8
2023-02-06,Unit_Gamma,attrition,3.9
2023-02-13,Unit_Gamma,headcount,198.3
2023-02-13,Unit_Gamma,workload_volume,1330.7
2023-02-13,Unit_Gamma,leave_usage,39.2
2023-02-13,Unit_Gamma,grievances,1.8
2023-02-13,Unit_Gamma,workers_comp_claims,0.4
2023-02-13,Unit_Gamma,attrition,3.5
2023-02-20,Unit_Gamma,headcount,204.6
2023-02-20,Unit_Gamma,workload_volume,1372.1
2023-02-20,Unit_Gamma,leave_usage,40.5
2023-02-20,Unit_Gamma,grievances,2.0
2023-02-20,Unit_Gamma,workers_comp_claims,0.3
2023-02-20,Unit_Gamma,attrition,3.7
2023-02-27,Unit_Gamma,headcount,200.5
2023-02-27,Unit_Gamma,workload_volume,1187.6
2023-02-27,Unit_Gamma,leave_usage,43.2
2023-02-27,Unit_Gamma,grievances,0.0
2023-02-27,Unit_Gamma,workers_comp_claims,1.1
2023-02-27,Unit_Gamma,attrition,4.0
2023-03-06,Unit_Gamma,headcount,194.2
2023-03-06,Unit_Gamma,workload_volume,1357.5
2023-03-06,Unit_Gamma,leave_usage,44.2
2023-03-06,Unit_Gamma,grievances,0.6
2023-03-06,Unit_Gamma,workers_comp_claims,1.0
2023-03-06,Unit_Gamma,attrition,3.5
2023-03-13,Unit_Gamma,headcount,203.7
2023-03-13,Unit_Gamma,workload_volume,1291.6
2023-03-13,Unit_Gamma,leave_usage,39.9
2023-03-13,Unit_Gamma,grievances,0.6
2023-03-13,Unit_Gamma,workers_comp_claims,1.1
2023-03-13,Unit_Gamma,attrition,3.4
2023-03-20,Unit_Gamma,headcount,197.3
2023-03-20,Unit_Gamma,workload_volume,1233.5
2023-03-20,Unit_Gamma,leave_usage,40.9
2023-03-20,Unit_Gamma,grievances,0.5
2023-03-20,Unit_Gamma,workers_comp_claims,1.1
2023-03-20,Unit_Gamma,attrition,3.8
2023-03-27,Unit_Gamma,headcount,207.5
2023-03-27,Unit_Gamma,workload_volume,1351.3
2023-03-27,Unit_Gamma,leave_usage,41.7
2023-03-27,Unit_Gamma,grievances,1.9
2023-03-27,Unit_Gamma,workers_comp_claims,0.9
2023-03-27,Unit_Gamma,attrition,3.1
2023-04-03,Unit_Gamma,headcount,204.3
2023-04-03,Unit_Gamma,workload_volume,1395.1
2023-04-03,Unit_Gamma,leave_usage,42.2
2023-04-03,Unit_Gamma,grievances,1.1
2023-04-03,Unit_Gamma,workers_comp_claims,1.7
2023-04-03,Unit_Gamma,attrition,3.1
2023-04-10,Unit_Gamma,headcount,198.2
2023-04-10,Unit_Gamma,workload_volume,1320.2
2023-04-10,Unit_Gamma,leave_usage,40.6
2023-04-10,Unit_Gamma,grievances,1.0
2023-04-10,Unit_Gamma,workers_comp_claims,0.2
2023-04-10,Unit_Gamma,attrition,4.2
2023-04-17,Unit_Gamma,headcount,205.1
2023-04-17,Unit_Gamma,workload_volume,1375.4
2023-04-17,Unit_Gamma,leave_usage,42.5
2023-04-17,Unit_Gamma,grievances,0.0
2023-04-17,Unit_Gamma,workers_comp_claims,0.6
2023-04-17,Unit_Gamma,attrition,3.1
2023-04-24,Unit_Gamma,headcount,200.3
2023-04-24,Unit_Gamma,workload_volume,1408.9
2023-04-24,Unit_Gamma,leave_usage,41.1
2023-04-24,Unit_Gamma,grievances,1.8
2023-04-24,Unit_Gamma,workers_comp_claims,1.0
2023-04-24,Unit_Gamma,attrition,4.2
2023-05-01,Unit_Gamma,headcount,203.4
2023-05-01,Unit_Gamma,workload_volume,1394.7
2023-05-01,Unit_Gamma,leave_usage,41.8
2023-05-01,Unit_Gamma,grievances,0.3
2023-05-01,Unit_Gamma,workers_comp_claims,0.2
2023-05-01,Unit_Gamma,attrition,4.0
2023-05-08,Unit_Gamma,headcount,201.9
2023-05-08,Unit_Gamma,workload_volume,1411.5
2023-05-08,Unit_Gamma,leave_usage,42.7
2023-05-08,Unit_Gamma,grievances,1.3
2023-05-08,Unit_Gamma,workers_comp_claims,0.9
2023-05-08,Unit_Gamma,attrition,2.7
2023-05-15,Unit_Gamma,headcount,196.6
2023-05-15,Unit_Gamma,workload_volume,1367.2
2023-05-15,Unit_Gamma,leave_usage,41.9
2023-05-15,Unit_Gamma,grievances,1.5
2023-05-15,Unit_Gamma,workers_comp_claims,1.8
2023-05-15,Unit_Gamma,attrition,3.4
2023-05-22,Unit_Gamma,headcount,197.4
2023-05-22,Unit_Gamma,workload_volume,1334.4
2023-05-22,Unit_Gamma,leave_usage,41.2
2023-05-22,Unit_Gamma,grievances,2.3
2023-05-22,Unit_Gamma,workers_comp_claims,1.0
2023-05-22,Unit_Gamma,attrition,4.5
2023-05-29,Unit_Gamma,headcount,204.1
2023-05-29,Unit_Gamma,workload_volume,1251.0
2023-05-29,Unit_Gamma,leave_usage,41.7
2023-05-29,Unit_Gamma,grievances,0.2
2023-05-29,Unit_Gamma,workers_comp_claims,1.1
2023-05-29,Unit_Gamma,attrition,3.2
2023-06-05,Unit_Gamma,headcount,198.7
2023-06-05,Unit_Gamma,workload_volume,1319.3
2023-06-05,Unit_Gamma,leave_usage,41.8
2023-06-05,Unit_Gamma,grievances,0.0
2023-06-05,Unit_Gamma,workers_comp_claims,0.4
2023-06-05,Unit_Gamma,attrition,3.5
2023-06-12,Unit_Gamma,headcount,198.4
2023-06-12,Unit_Gamma,workload_volume,1289.9
2023-06-12,Unit_Gamma,leave_usage,41.4
2023-06-12,Unit_Gamma,grievances,1.4
2023-06-12,Unit_Gamma,workers_comp_claims,0.7
2023-06-12,Unit_Gamma,attrition,4.0
2023-06-19,Unit_Gamma,headcount,196.2
2023-06-19,Unit_Gamma,workload_volume,1441.0
2023-06-19,Unit_Gamma,leave_usage,41.5
2023-06-19,Unit_Gamma,grievances,2.7
2023-06-19,Unit_Gamma,workers_comp_claims,0.8
2023-06-19,Unit_Gamma,attrition,4.2
2023-06-26,Unit_Gamma,headcount,201.7
2023-06-26,Unit_Gamma,workload_volume,1324.1
2023-06-26,Unit_Gamma,leave_usage,44.3
2023-06-26,Unit_Gamma,grievances,2.2
2023-06-26,Unit_Gamma,workers_comp_claims,0.8
2023-06-26,Unit_Gamma,attrition,3.6
2023-07-03,Unit_Gamma,headcount,208.3
2023-07-03,Unit_Gamma,workload_volume,1339.4
2023-07-03,Unit_Gamma,leave_usage,42.8
2023-07-03,Unit_Gamma,grievances,1.4
2023-07-03,Unit_Gamma,workers_comp_claims,1.6
2023-07-03,Unit_Gamma,attrition,3.4
2023-07-10,Unit_Gamma,headcount,195.7
2023-07-10,Unit_Gamma,workload_volume,1361.2
2023-07-10,Unit_Gamma,leave_usage,41.5
2023-07-10,Unit_Gamma,grievances,0.9
2023-07-10,Unit_Gamma,workers_comp_claims,1.3
2023-07-10,Unit_Gamma,attrition,4.6
2023-07-17,Unit_Gamma,headcount,200.1
2023-07-17,Unit_Gamma,workload_volume,1336.2
2023-07-17,Unit_Gamma,leave_usage,43.0
2023-07-17,Unit_Gamma,grievances,1.9
2023-07-17,Unit_Gamma,workers_comp_claims,0.4
2023-07-17,Unit_Gamma,attrition,4.8
2023-07-24,Unit_Gamma,headcount,205.6
2023-07-24,Unit_Gamma,workload_volume,1419.1
2023-07-24,Unit_Gamma,leave_usage,41.5
2023-07-24,Unit_Gamma,grievances,0.5
2023-07-24,Unit_Gamma,workers_comp_claims,1.1
2023-07-24,Unit_Gamma,attrition,4.3
2023-07-31,Unit_Gamma,headcount,199.7
2023-07-31,Unit_Gamma,workload_volume,1303.5
2023-07-31,Unit_Gamma,leave_usage,43.7
2023-07-31,Unit_Gamma,grievances,1.6
2023-07-31,Unit_Gamma,workers_comp_claims,1.3
2023-07-31,Unit_Gamma,attrition,3.8
2023-08-07,Unit_Gamma,headcount,201.8
2023-08-07,Unit_Gamma,workload_volume,1344.6
2023-08-07,Unit_Gamma,leave_usage,42.5
2023-08-07,Unit_Gamma,grievances,1.7
2023-08-07,Unit_Gamma,workers_comp_claims,1.6
2023-08-07,Unit_Gamma,attrition,3.3
2023-08-14,Unit_Gamma,headcount,195.8
2023-08-14,Unit_Gamma,workload_volume,1298.0
2023-08-14,Unit_Gamma,leave_usage,41.8
2023-08-14,Unit_Gamma,grievances,2.1
2023-08-14,Unit_Gamma,workers_comp_claims,1.8
2023-08-14,Unit_Gamma,attrition,3.3
2023-08-21,Unit_Gamma,headcount,201.7
2023-08-21,Unit_Gamma,workload_volume,1269.4
2023-08-21,Unit_Gamma,leave_usage,42.7
2023-08-21,Unit_Gamma,grievances,3.5
2023-08-21,Unit_Gamma,workers_comp_claims,0.5
2023-08-21,Unit_Gamma,attrition,4.1
2023-08-28,Unit_Gamma,headcount,199.3
2023-08-28,Unit_Gamma,workload_volume,1305.0
2023-08-28,Unit_Gamma,leave_usage,39.6
2023-08-28,Unit_Gamma,grievances,1.6
2023-08-28,Unit_Gamma,workers_comp_claims,0.6
2023-08-28,Unit_Gamma,attrition,4.0
2023-09-04,Unit_Gamma,headcount,203.9
2023-09-04,Unit_Gamma,workload_volume,1333.9
2023-09-04,Unit_Gamma,leave_usage,40.3
2023-09-04,Unit_Gamma,grievances,0.8
2023-09-04,Unit_Gamma,workers_comp_claims,0.4
2023-09-04,Unit_Gamma,attrition,4.6
2023-09-11,Unit_Gamma,headcount,204.7
2023-09-11,Unit_Gamma,workload_volume,1314.4
2023-09-11,Unit_Gamma,leave_usage,40.2
2023-09-11,Unit_Gamma,grievances,1.2
2023-09-11,Unit_Gamma,workers_comp_claims,0.9
2023-09-11,Unit_Gamma,attrition,4.1
2023-09-18,Unit_Gamma,headcount,210.4
2023-09-18,Unit_Gamma,workload_volume,1301.4
2023-09-18,Unit_Gamma,leave_usage,42.2
2023-09-18,Unit_Gamma,grievances,0.0
2023-09-18,Unit_Gamma,workers_comp_claims,1.2
2023-09-18,Unit_Gamma,attrition,2.9
2023-09-25,Unit_Gamma,headcount,202.3
2023-09-25,Unit_Gamma,workload_volume,1265.8
2023-09-25,Unit_Gamma,leave_usage,44.6
2023-09-25,Unit_Gamma,grievances,0.7
2023-09-25,Unit_Gamma,workers_comp_claims,1.5
2023-09-25,Unit_Gamma,attrition,4.4
2023-10-02,Unit_Gamma,headcount,201.3
2023-10-02,Unit_Gamma,workload_volume,1332.1
2023-10-02,Unit_Gamma,leave_usage,45.4
2023-10-02,Unit_Gamma,grievances,0.9
2023-10-02,Unit_Gamma,workers_comp_claims,1.0
2023-10-02,Unit_Gamma,attrition,3.2
2023-10-09,Unit_Gamma,headcount,200.8
2023-10-09,Unit_Gamma,workload_volume,1261.1
2023-10-09,Unit_Gamma,leave_usage,43.0
2023-10-09,Unit_Gamma,grievances,0.8
2023-10-09,Unit_Gamma,workers_comp_claims,0.8
2023-10-09,Unit_Gamma,attrition,3.5
2023-10-16,Unit_Gamma,headcount,198.6
2023-10-16,Unit_Gamma,workload_volume,1374.3
2023-10-16,Unit_Gamma,leave_usage,42.8
2023-10-16,Unit_Gamma,grievances,1.4
2023-10-16,Unit_Gamma,workers_comp_claims,1.1
2023-10-16,Unit_Gamma,attrition,3.9
2023-10-23,Unit_Gamma,headcount,201.4
2023-10-23,Unit_Gamma,workload_volume,1340.5
2023-10-23,Unit_Gamma,leave_usage,39.3
2023-10-23,Unit_Gamma,grievances,0.6
2023-10-23,Unit_Gamma,workers_comp_claims,0.6
2023-10-23,Unit_Gamma,attrition,5.0
2023-10-30,Unit_Gamma,headcount,198.8
2023-10-30,Unit_Gamma,workload_volume,1263.5
2023-10-30,Unit_Gamma,leave_usage,41.2
2023-10-30,Unit_Gamma,grievances,2.2
2023-10-30,Unit_Gamma,workers_comp_claims,2.0
2023-10-30,Unit_Gamma,attrition,5.6
2023-11-06,Unit_Gamma,headcount,200.7
2023-11-06,Unit_Gamma,workload_volume,1320.8
2023-11-06,Unit_Gamma,leave_usage,40.8
2023-11-06,Unit_Gamma,grievances,1.3
2023-11-06,Unit_Gamma,workers_comp_claims,0.2
2023-11-06,Unit_Gamma,attrition,4.1
2023-11-13,Unit_Gamma,headcount,205.3
2023-11-13,Unit_Gamma,workload_volume,1298.6
2023-11-13,Unit_Gamma,leave_usage,41.1
2023-11-13,Unit_Gamma,grievances,1.2
2023-11-13,Unit_Gamma,workers_comp_claims,1.1
2023-11-13,Unit_Gamma,attrition,3.7
2023-11-20,Unit_Gamma,headcount,196.0
2023-11-20,Unit_Gamma,workload_volume,1352.1
2023-11-20,Unit_Gamma,leave_usage,41.7
2023-11-20,Unit_Gamma,grievances,1.0
2023-11-20,Unit_Gamma,workers_comp_claims,2.0
2023-11-20,Unit_Gamma,attrition,4.1
2023-11-27,Unit_Gamma,headcount,204.6
2023-11-27,Unit_Gamma,workload_volume,1403.1
2023-11-27,Unit_Gamma,leave_usage,41.3
2023-11-27,Unit_Gamma,grievances,1.4
2023-11-27,Unit_Gamma,workers_comp_claims,1.0
2023-11-27,Unit_Gamma,attrition,4.3
2023-12-04,Unit_Gamma,headcount,205.3
2023-12-04,Unit_Gamma,workload_volume,1242.2
2023-12-04,Unit_Gamma,leave_usage,39.0
2023-12-04,Unit_Gamma,grievances,1.9
2023-12-04,Unit_Gamma,workers_comp_claims,0.9
2023-12-04,Unit_Gamma,attrition,3.6
2023-12-11,Unit_Gamma,headcount,199.5
2023-12-11,Unit_Gamma,workload_volume,1341.5
2023-12-11,Unit_Gamma,leave_usage,43.1
2023-12-11,Unit_Gamma,grievances,0.6
2023-12-11,Unit_Gamma,workers_comp_claims,0.8
2023-12-11,Unit_Gamma,attrition,4.8
2023-12-18,Unit_Gamma,headcount,191.5
2023-12-18,Unit_Gamma,workload_volume,1327.6
2023-12-18,Unit_Gamma,leave_usage,40.4
2023-12-18,Unit_Gamma,grievances,0.7
2023-12-18,Unit_Gamma,workers_comp_claims,0.9
2023-12-18,Unit_Gamma,attrition,3.9
2023-12-25,Unit_Gamma,headcount,197.6
2023-12-25,Unit_Gamma,workload_volume,1369.0
2023-12-25,Unit_Gamma,leave_usage,42.3
2023-12-25,Unit_Gamma,grievances,1.0
2023-12-25,Unit_Gamma,workers_comp_claims,1.7
2023-12-25,Unit_Gamma,attrition,4.1
2024-01-01,Unit_Gamma,headcount,205.2
2024-01-01,Unit_Gamma,workload_volume,1345.9
2024-01-01,Unit_Gamma,leave_usage,45.1
2024-01-01,Unit_Gamma,grievances,0.2
2024-01-01,Unit_Gamma,workers_comp_claims,0.0
2024-01-01,Unit_Gamma,attrition,4.2
2024-01-08,Unit_Gamma,headcount,199.9
2024-01-08,Unit_Gamma,workload_volume,1297.4
2024-01-08,Unit_Gamma,leave_usage,40.6
2024-01-08,Unit_Gamma,grievances,0.6
2024-01-08,Unit_Gamma,workers_comp_claims,1.8
2024-01-08,Unit_Gamma,attrition,4.0
2024-01-15,Unit_Gamma,headcount,196.0
2024-01-15,Unit_Gamma,workload_volume,1318.7
2024-01-15,Unit_Gamma,leave_usage,38.1
2024-01-15,Unit_Gamma,grievances,0.9
2024-01-15,Unit_Gamma,workers_comp_claims,0.3
2024-01-15,Unit_Gamma,attrition,4.3
2024-01-22,Unit_Gamma,headcount,198.0
2024-01-22,Unit_Gamma,workload_volume,1294.6
2024-01-22,Unit_Gamma,leave_usage,41.5
2024-01-22,Unit_Gamma,grievances,2.0
2024-01-22,Unit_Gamma,workers_comp_claims,0.9
2024-01-22,Unit_Gamma,attrition,3.4
2024-01-29,Unit_Gamma,headcount,203.4
2024-01-29,Unit_Gamma,workload_volume,1387.9
2024-01-29,Unit_Gamma,leave_usage,43.6
2024-01-29,Unit_Gamma,grievances,1.5
2024-01-29,Unit_Gamma,workers_comp_claims,0.8
2024-01-29,Unit_Gamma,attrition,3.4
2024-02-05,Unit_Gamma,headcount,202.2
2024-02-05,Unit_Gamma,workload_volume,1334.8
2024-02-05,Unit_Gamma,leave_usage,44.8
2024-02-05,Unit_Gamma,grievances,1.4
2024-02-05,Unit_Gamma,workers_comp_claims,1.3
2024-02-05,Unit_Gamma,attrition,3.1
2024-02-12,Unit_Gamma,headcount,199.0
2024-02-12,Unit_Gamma,workload_volume,1428.5
2024-02-12,Unit_Gamma,leave_usage,40.1
2024-02-12,Unit_Gamma,grievances,1.9
2024-02-12,Unit_Gamma,workers_comp_claims,0.2
2024-02-12,Unit_Gamma,attrition,4.0
2024-02-19,Unit_Gamma,headcount,198.5
2024-02-19,Unit_Gamma,workload_volume,1330.0
2024-02-19,Unit_Gamma,leave_usage,42.6
2024-02-19,Unit_Gamma,grievances,1.1
2024-02-19,Unit_Gamma,workers_comp_claims,1.2
2024-02-19,Unit_Gamma,attrition,4.2
2024-02-26,Unit_Gamma,headcount,198.4
2024-02-26,Unit_Gamma,workload_volume,1297.2
2024-02-26,Unit_Gamma,leave_usage,41.2
2024-02-26,Unit_Gamma,grievances,1.6
2024-02-26,Unit_Gamma,workers_comp_claims,2.0
2024-02-26,Unit_Gamma,attrition,4.0
2024-03-04,Unit_Gamma,headcount,196.3
2024-03-04,Unit_Gamma,workload_volume,1256.5
2024-03-04,Unit_Gamma,leave_usage,41.7
2024-03-04,Unit_Gamma,grievances,1.2
2024-03-04,Unit_Gamma,workers_comp_claims,0.3
2024-03-04,Unit_Gamma,attrition,4.8
2024-03-11,Unit_Gamma,headcount,206.5
2024-03-11,Unit_Gamma,workload_volume,1241.6
2024-03-11,Unit_Gamma,leave_usage,45.8
2024-03-11,Unit_Gamma,grievances,1.5
2024-03-11,Unit_Gamma,workers_comp_claims,1.1
2024-03-11,Unit_Gamma,attrition,3.8
2024-03-18,Unit_Gamma,headcount,198.7
2024-03-18,Unit_Gamma,workload_volume,1252.1
2024-03-18,Unit_Gamma,leave_usage,39.6
2024-03-18,Unit_Gamma,grievances,0.8
2024-03-18,Unit_Gamma,workers_comp_claims,0.7
2024-03-18,Unit_Gamma,attrition,4.2
2024-03-25,Unit_Gamma,headcount,204.9
2024-03-25,Unit_Gamma,workload_volume,1344.1
2024-03-25,Unit_Gamma,leave_usage,42.2
2024-03-25,Unit_Gamma,grievances,0.0
2024-03-25,Unit_Gamma,workers_comp_claims,1.2
2024-03-25,Unit_Gamma,attrition,3.1
2024-04-01,Unit_Gamma,headcount,206.1
2024-04-01,Unit_Gamma,workload_volume,1355.7
2024-04-01,Unit_Gamma,leave_usage,42.5
2024-04-01,Unit_Gamma,grievances,1.2
2024-04-01,Unit_Gamma,workers_comp_claims,1.0
2024-04-01,Unit_Gamma,attrition,3.5
2024-04-08,Unit_Gamma,headcount,204.0
2024-04-08,Unit_Gamma,workload_volume,1250.7
2024-04-08,Unit_Gamma,leave_usage,43.4
2024-04-08,Unit_Gamma,grievances,2.4
2024-04-08,Unit_Gamma,workers_comp_claims,0.7
2024-04-08,Unit_Gamma,attrition,4.2
2024-04-15,Unit_Gamma,headcount,198.3
2024-04-15,Unit_Gamma,workload_volume,1373.9
2024-04-15,Unit_Gamma,leave_usage,41.9
2024-04-15,Unit_Gamma,grievances,2.0
2024-04-15,Unit_Gamma,workers_comp_claims,1.3
2024-04-15,Unit_Gamma,attrition,4.3
2024-04-22,Unit_Gamma,headcount,201.6
2024-04-22,Unit_Gamma,workload_volume,1304.5
2024-04-22,Unit_Gamma,leave_usage,42.2
2024-04-22,Unit_Gamma,grievances,2.0
2024-04-22,Unit_Gamma,workers_comp_claims,1.9
2024-04-22,Unit_Gamma,attrition,3.6
2024-04-29,Unit_Gamma,headcount,199.9
2024-04-29,Unit_Gamma,workload_volume,1335.4
2024-04-29,Unit_Gamma,leave_usage,41.2
2024-04-29,Unit_Gamma,grievances,2.2
2024-04-29,Unit_Gamma,workers_comp_claims,0.9
2024-04-29,Unit_Gamma,attrition,3.7
2024-05-06,Unit_Gamma,headcount,196.4
2024-05-06,Unit_Gamma,workload_volume,1408.0
2024-05-06,Unit_Gamma,leave_usage,42.1
2024-05-06,Unit_Gamma,grievances,1.3
2024-05-06,Unit_Gamma,workers_comp_claims,1.4
2024-05-06,Unit_Gamma,attrition,2.9
2024-05-13,Unit_Gamma,headcount,201.3
2024-05-13,Unit_Gamma,workload_volume,1371.6
2024-05-13,Unit_Gamma,leave_usage,41.2
2024-05-13,Unit_Gamma,grievances,1.4
2024-05-13,Unit_Gamma,workers_comp_claims,0.4
2024-05-13,Unit_Gamma,attrition,3.5
2024-05-20,Unit_Gamma,headcount,195.3
2024-05-20,Unit_Gamma,workload_volume,1312.7
2024-05-20,Unit_Gamma,leave_usage,42.6
2024-05-20,Unit_Gamma,grievances,0.8
2024-05-20,Unit_Gamma,workers_comp_claims,0.5
2024-05-20,Unit_Gamma,attrition,4.3
2024-05-27,Unit_Gamma,headcount,204.8
2024-05-27,Unit_Gamma,workload_volume,1280.9
2024-05-27,Unit_Gamma,leave_usage,41.1
2024-05-27,Unit_Gamma,grievances,1.0
2024-05-27,Unit_Gamma,workers_comp_claims,1.2
2024-05-27,Unit_Gamma,attrition,4.1
2024-06-03,Unit_Gamma,headcount,198.1
2024-06-03,Unit_Gamma,workload_volume,1217.1
2024-06-03,Unit_Gamma,leave_usage,42.2
2024-06-03,Unit_Gamma,grievances,1.8
2024-06-03,Unit_Gamma,workers_comp_claims,1.7
2024-06-03,Unit_Gamma,attrition,4.1
2024-06-10,Unit_Gamma,headcount,200.8
2024-06-10,Unit_Gamma,workload_volume,1288.1
2024-06-10,Unit_Gamma,leave_usage,41.6
2024-06-10,Unit_Gamma,grievances,2.2
2024-06-10,Unit_Gamma,workers_comp_claims,1.2
2024-06-10,Unit_Gamma,attrition,3.8
2024-06-17,Unit_Gamma,headcount,201.1
2024-06-17,Unit_Gamma,workload_volume,1312.7
2024-06-17,Unit_Gamma,leave_usage,43.3
2024-06-17,Unit_Gamma,grievances,1.1
2024-06-17,Unit_Gamma,workers_comp_claims,0.9
2024-06-17,Unit_Gamma,attrition,3.8
2024-06-24,Unit_Gamma,headcount,199.0
2024-06-24,Unit_Gamma,workload_volume,1273.2
2024-06-24,Unit_Gamma,leave_usage,41.5
2024-06-24,Unit_Gamma,grievances,0.9
2024-06-24,Unit_Gamma,workers_comp_claims,1.0
2024-06-24,Unit_Gamma,attrition,3.4
2022-01-03,Unit_Delta,headcount,60.8
2022-01-03,Unit_Delta,workload_volume,403.6
2022-01-03,Unit_Delta,leave_usage,0.5
2022-01-03,Unit_Delta,grievances,1.3
2022-01-03,Unit_Delta,workers_comp_claims,0.0
2022-01-03,Unit_Delta,attrition,2.0
2022-01-10,Unit_Delta,headcount,60.5
2022-01-10,Unit_Delta,workload_volume,469.6
2022-01-10,Unit_Delta,leave_usage,4.3
2022-01-10,Unit_Delta,grievances,1.7
2022-01-10,Unit_Delta,workers_comp_claims,0.5
2022-01-10,Unit_Delta,attrition,1.4
2022-01-17,Unit_Delta,headcount,60.6
2022-01-17,Unit_Delta,workload_volume,313.5
2022-01-17,Unit_Delta,leave_usage,2.5
2022-01-17,Unit_Delta,grievances,0.8
2022-01-17,Unit_Delta,workers_comp_claims,0.0
2022-01-17,Unit_Delta,attrition,1.1
2022-01-24,Unit_Delta,headcount,59.4
2022-01-24,Unit_Delta,workload_volume,285.1
2022-01-24,Unit_Delta,leave_usage,1.7
2022-01-24,Unit_Delta,grievances,0.0
2022-01-24,Unit_Delta,workers_comp_claims,0.6
2022-01-24,Unit_Delta,attrition,0.9
2022-01-31,Unit_Delta,headcount,57.4
2022-01-31,Unit_Delta,workload_volume,370.8
2022-01-31,Unit_Delta,leave_usage,2.6
2022-01-31,Unit_Delta,grievances,1.9
2022-01-31,Unit_Delta,workers_comp_claims,0.5
2022-01-31,Unit_Delta,attrition,0.5
2022-02-07,Unit_Delta,headcount,61.3
2022-02-07,Unit_Delta,workload_volume,393.1
2022-02-07,Unit_Delta,leave_usage,3.3
2022-02-07,Unit_Delta,grievances,0.0
2022-02-07,Unit_Delta,workers_comp_claims,0.1
2022-02-07,Unit_Delta,attrition,1.1
2022-02-14,Unit_Delta,headcount,59.4
2022-02-14,Unit_Delta,workload_volume,346.8
2022-02-14,Unit_Delta,leave_usage,2.7
2022-02-14,Unit_Delta,grievances,0.1
2022-02-14,Unit_Delta,workers_comp_claims,0.0
2022-02-14,Unit_Delta,attrition,1.2
2022-02-21,Unit_Delta,headcount,59.0
2022-02-21,Unit_Delta,workload_volume,432.4
2022-02-21,Unit_Delta,leave_usage,0.3
2022-02-21,Unit_Delta,grievances,0.6
2022-02-21,Unit_Delta,workers_comp_claims,0.0
2022-02-21,Unit_Delta,attrition,0.3
2022-02-28,Unit_Delta,headcount,60.8
2022-02-28,Unit_Delta,workload_volume,294.2
2022-02-28,Unit_Delta,leave_usage,5.0
2022-02-28,Unit_Delta,grievances,1.6
2022-02-28,Unit_Delta,workers_comp_claims,0.5
2022-02-28,Unit_Delta,attrition,1.3
2022-03-07,Unit_Delta,headcount,59.5
2022-03-07,Unit_Delta,workload_volume,397.2
2022-03-07,Unit_Delta,leave_usage,5.6
2022-03-07,Unit_Delta,grievances,1.0
2022-03-07,Unit_Delta,workers_comp_claims,0.9
2022-03-07,Unit_Delta,attrition,1.0
2022-03-14,Unit_Delta,headcount,61.3
2022-03-14,Unit_Delta,workload_volume,333.6
2022-03-14,Unit_Delta,leave_usage,4.7
2022-03-14,Unit_Delta,grievances,0.7
2022-03-14,Unit_Delta,workers_comp_claims,0.0
2022-03-14,Unit_Delta,attrition,0.0
2022-03-21,Unit_Delta,headcount,60.7
2022-03-21,Unit_Delta,workload_volume,451.2
2022-03-21,Unit_Delta,leave_usage,2.0
2022-03-21,Unit_Delta,grievances,0.7
2022-03-21,Unit_Delta,workers_comp_claims,0.5
2022-03-21,Unit_Delta,attrition,0.5
2022-03-28,Unit_Delta,headcount,60.8
2022-03-28,Unit_Delta,workload_volume,466.3
2022-03-28,Unit_Delta,leave_usage,3.5
2022-03-28,Unit_Delta,grievances,0.4
2022-03-28,Unit_Delta,workers_comp_claims,0.0
2022-03-28,Unit_Delta,attrition,0.8
2022-04-04,Unit_Delta,headcount,58.4
2022-04-04,Unit_Delta,workload_volume,329.7
2022-04-04,Unit_Delta,leave_usage,3.8
2022-04-04,Unit_Delta,grievances,0.8
2022-04-04,Unit_Delta,workers_comp_claims,0.0
2022-04-04,Unit_Delta,attrition,2.2
2022-04-11,Unit_Delta,headcount,61.5
2022-04-11,Unit_Delta,workload_volume,341.9
2022-04-11,Unit_Delta,leave_usage,4.7
2022-04-11,Unit_Delta,grievances,0.0
2022-04-11,Unit_Delta,workers_comp_claims,0.3
2022-04-11,Unit_Delta,attrition,1.4
2022-04-18,Unit_Delta,headcount,60.3
2022-04-18,Unit_Delta,workload_volume,413.7
2022-04-18,Unit_Delta,leave_usage,4.9
2022-04-18,Unit_Delta,grievances,0.1
2022-04-18,Unit_Delta,workers_comp_claims,0.0
2022-04-18,Unit_Delta,attrition,0.2
2022-04-25,Unit_Delta,headcount,59.6
2022-04-25,Unit_Delta,workload_volume,352.7
2022-04-25,Unit_Delta,leave_usage,2.8
2022-04-25,Unit_Delta,grievances,0.5
2022-04-25,Unit_Delta,workers_comp_claims,0.0
2022-04-25,Unit_Delta,attrition,1.3
2022-05-02,Unit_Delta,headcount,60.2
2022-05-02,Unit_Delta,workload_volume,371.1
2022-05-02,Unit_Delta,leave_usage,4.1
2022-05-02,Unit_Delta,grievances,0.0
2022-05-02,Unit_Delta,workers_comp_claims,0.0
2022-05-02,Unit_Delta,attrition,0.1
2022-05-09,Unit_Delta,headcount,57.9
2022-05-09,Unit_Delta,workload_volume,376.0
2022-05-09,Unit_Delta,leave_usage,4.7
2022-05-09,Unit_Delta,grievances,0.7
2022-05-09,Unit_Delta,workers_comp_claims,0.4
2022-05-09,Unit_Delta,attrition,1.7
2022-05-16,Unit_Delta,headcount,60.5
2022-05-16,Unit_Delta,workload_volume,280.1
2022-05-16,Unit_Delta,leave_usage,6.2
2022-05-16,Unit_Delta,grievances,0.2
2022-05-16,Unit_Delta,workers_comp_claims,0.2
2022-05-16,Unit_Delta,attrition,0.8
2022-05-23,Unit_Delta,headcount,58.8
2022-05-23,Unit_Delta,workload_volume,376.7
2022-05-23,Unit_Delta,leave_usage,5.1
2022-05-23,Unit_Delta,grievances,1.8
2022-05-23,Unit_Delta,workers_comp_claims,0.0
2022-05-23,Unit_Delta,attrition,1.0
2022-05-30,Unit_Delta,headcount,58.4
2022-05-30,Unit_Delta,workload_volume,344.2
2022-05-30,Unit_Delta,leave_usage,5.3
2022-05-30,Unit_Delta,grievances,1.6
2022-05-30,Unit_Delta,workers_comp_claims,0.0
2022-05-30,Unit_Delta,attrition,1.8
2022-06-06,Unit_Delta,headcount,58.2
2022-06-06,Unit_Delta,workload_volume,355.3
2022-06-06,Unit_Delta,leave_usage,4.2
2022-06-06,Unit_Delta,grievances,0.0
2022-06-06,Unit_Delta,workers_comp_claims,0.0
2022-06-06,Unit_Delta,attrition,0.3
2022-06-13,Unit_Delta,headcount,61.3
2022-06-13,Unit_Delta,workload_volume,453.5
2022-06-13,Unit_Delta,leave_usage,6.2
2022-06-13,Unit_Delta,grievances,0.2
2022-06-13,Unit_Delta,workers_comp_claims,0.5
2022-06-13,Unit_Delta,attrition,0.2
2022-06-20,Unit_Delta,headcount,59.2
2022-06-20,Unit_Delta,workload_volume,319.8
2022-06-20,Unit_Delta,leave_usage,4.8
2022-06-20,Unit_Delta,grievances,0.3
2022-06-20,Unit_Delta,workers_comp_claims,0.0
2022-06-20,Unit_Delta,attrition,0.7
2022-06-27,Unit_Delta,headcount,61.8
2022-06-27,Unit_Delta,workload_volume,424.5
2022-06-27,Unit_Delta,leave_usage,2.9
2022-06-27,Unit_Delta,grievances,0.0
2022-06-27,Unit_Delta,workers_comp_claims,0.0
2022-06-27,Unit_Delta,attrition,1.7
2022-07-04,Unit_Delta,headcount,59.4
2022-07-04,Unit_Delta,workload_volume,371.2
2022-07-04,Unit_Delta,leave_usage,6.3
2022-07-04,Unit_Delta,grievances,0.5
2022-07-04,Unit_Delta,workers_comp_claims,0.0
2022-07-04,Unit_Delta,attrition,0.1
2022-07-11,Unit_Delta,headcount,58.0
2022-07-11,Unit_Delta,workload_volume,372.4
2022-07-11,Unit_Delta,leave_usage,5.3
2022-07-11,Unit_Delta,grievances,0.0
2022-07-11,Unit_Delta,workers_comp_claims,1.0
2022-07-11,Unit_Delta,attrition,0.0
2022-07-18,Unit_Delta,headcount,58.7
2022-07-18,Unit_Delta,workload_volume,427.1
2022-07-18,Unit_Delta,leave_usage,3.6
2022-07-18,Unit_Delta,grievances,0.0
2022-07-18,Unit_Delta,workers_comp_claims,0.1
2022-07-18,Unit_Delta,attrition,0.8
2022-07-25,Unit_Delta,headcount,61.5
2022-07-25,Unit_Delta,workload_volume,405.9
2022-07-25,Unit_Delta,leave_usage,3.6
2022-07-25,Unit_Delta,grievances,0.8
2022-07-25,Unit_Delta,workers_comp_claims,0.5
2022-07-25,Unit_Delta,attrition,1.4
2022-08-01,Unit_Delta,headcount,59.8
2022-08-01,Unit_Delta,workload_volume,418.6
2022-08-01,Unit_Delta,leave_usage,4.8
2022-08-01,Unit_Delta,grievances,0.9
2022-08-01,Unit_Delta,workers_comp_claims,0.4
2022-08-01,Unit_Delta,attrition,1.8
2022-08-08,Unit_Delta,headcount,59.3
2022-08-08,Unit_Delta,workload_volume,439.7
2022-08-08,Unit_Delta,leave_usage,5.1
2022-08-08,Unit_Delta,grievances,0.0
2022-08-08,Unit_Delta,workers_comp_claims,0.0
2022-08-08,Unit_Delta,attrition,0.8
2022-08-15,Unit_Delta,headcount,60.2
2022-08-15,Unit_Delta,workload_volume,375.9
2022-08-15,Unit_Delta,leave_usage,4.7
2022-08-15,Unit_Delta,grievances,1.1
2022-08-15,Unit_Delta,workers_comp_claims,0.7
2022-08-15,Unit_Delta,attrition,0.8
2022-08-22,Unit_Delta,headcount,60.6
2022-08-22,Unit_Delta,workload_volume,363.1
2022-08-22,Unit_Delta,leave_usage,4.9
2022-08-22,Unit_Delta,grievances,0.0
2022-08-22,Unit_Delta,workers_comp_claims,0.4
2022-08-22,Unit_Delta,attrition,1.7
2022-08-29,Unit_Delta,headcount,61.3
2022-08-29,Unit_Delta,workload_volume,340.6
2022-08-29,Unit_Delta,leave_usage,7.0
2022-08-29,Unit_Delta,grievances,0.6
2022-08-29,Unit_Delta,workers_comp_claims,0.5
2022-08-29,Unit_Delta,attrition,0.0
2022-09-05,Unit_Delta,headcount,61.7
2022-09-05,Unit_Delta,workload_volume,354.7
2022-09-05,Unit_Delta,leave_usage,6.1
2022-09-05,Unit_Delta,grievances,1.0
2022-09-05,Unit_Delta,workers_comp_claims,2.2
2022-09-05,Unit_Delta,attrition,0.8
2022-09-12,Unit_Delta,headcount,59.6
2022-09-12,Unit_Delta,workload_volume,544.6
2022-09-12,Unit_Delta,leave_usage,4.8
2022-09-12,Unit_Delta,grievances,0.3
2022-09-12,Unit_Delta,workers_comp_claims,0.0
2022-09-12,Unit_Delta,attrition,1.2
2022-09-19,Unit_Delta,headcount,58.4
2022-09-19,Unit_Delta,workload_volume,460.5
2022-09-19,Unit_Delta,leave_usage,6.0
2022-09-19,Unit_Delta,grievances,0.7
2022-09-19,Unit_Delta,workers_comp_claims,1.1
2022-09-19,Unit_Delta,attrition,1.3
2022-09-26,Unit_Delta,headcount,59.5
2022-09-26,Unit_Delta,workload_volume,331.9
2022-09-26,Unit_Delta,leave_usage,3.0
2022-09-26,Unit_Delta,grievances,0.0
2022-09-26,Unit_Delta,workers_comp_claims,0.1
2022-09-26,Unit_Delta,attrition,0.7
2022-10-03,Unit_Delta,headcount,60.3
2022-10-03,Unit_Delta,workload_volume,334.4
2022-10-03,Unit_Delta,leave_usage,5.2
2022-10-03,Unit_Delta,grievances,0.2
2022-10-03,Unit_Delta,workers_comp_claims,0.4
2022-10-03,Unit_Delta,attrition,1.1
2022-10-10,Unit_Delta,headcount,58.8
2022-10-10,Unit_Delta,workload_volume,425.7
2022-10-10,Unit_Delta,leave_usage,7.3
2022-10-10,Unit_Delta,grievances,0.2
2022-10-10,Unit_Delta,workers_comp_claims,0.3
2022-10-10,Unit_Delta,attrition,0.0
2022-10-17,Unit_Delta,headcount,58.9
2022-10-17,Unit_Delta,workload_volume,430.0
2022-10-17,Unit_Delta,leave_usage,4.3
2022-10-17,Unit_Delta,grievances,0.0
2022-10-17,Unit_Delta,workers_comp_claims,0.1
2022-10-17,Unit_Delta,attrition,0.7
2022-10-24,Unit_Delta,headcount,60.4
2022-10-24,Unit_Delta,workload_volume,431.2
2022-10-24,Unit_Delta,leave_usage,3.4
2022-10-24,Unit_Delta,grievances,0.2
2022-10-24,Unit_Delta,workers_comp_claims,0.0
2022-10-24,Unit_Delta,attrition,1.3
2022-10-31,Unit_Delta,headcount,59.9
2022-10-31,Unit_Delta,workload_volume,392.0
2022-10-31,Unit_Delta,leave_usage,3.7
2022-10-31,Unit_Delta,grievances,0.0
2022-10-31,Unit_Delta,workers_comp_claims,0.4
2022-10-31,Unit_Delta,attrition,0.5
2022-11-07,Unit_Delta,headcount,60.0
2022-11-07,Unit_Delta,workload_volume,399.5
2022-11-07,Unit_Delta,leave_usage,3.1
2022-11-07,Unit_Delta,grievances,0.0
2022-11-07,Unit_Delta,workers_comp_claims,0.0
2022-11-07,Unit_Delta,attrition,1.1
2022-11-14,Unit_Delta,headcount,59.1
2022-11-14,Unit_Delta,workload_volume,423.2
2022-11-14,Unit_Delta,leave_usage,3.6
2022-11-14,Unit_Delta,grievances,0.1
2022-11-14,Unit_Delta,workers_comp_claims,0.7
2022-11-14,Unit_Delta,attrition,1.3
2022-11-21,Unit_Delta,headcount,59.7
2022-11-21,Unit_Delta,workload_volume,412.1
2022-11-21,Unit_Delta,leave_usage,4.2
2022-11-21,Unit_Delta,grievances,0.1
2022-11-21,Unit_Delta,workers_comp_claims,0.1
2022-11-21,Unit_Delta,attrition,0.8
2022-11-28,Unit_Delta,headcount,58.9
2022-11-28,Unit_Delta,workload_volume,297.8
2022-11-28,Unit_Delta,leave_usage,2.7
2022-11-28,Unit_Delta,grievances,0.2
2022-11-28,Unit_Delta,workers_comp_claims,0.0
2022-11-28,Unit_Delta,attrition,1.2
2022-12-05,Unit_Delta,headcount,61.1
2022-12-05,Unit_Delta,workload_volume,398.3
2022-12-05,Unit_Delta,leave_usage,4.9
2022-12-05,Unit_Delta,grievances,0.3
2022-12-05,Unit_Delta,workers_comp_claims,0.1
2022-12-05,Unit_Delta,attrition,0.5
2022-12-12,Unit_Delta,headcount,61.2
2022-12-12,Unit_Delta,workload_volume,368.1
2022-12-12,Unit_Delta,leave_usage,6.2
2022-12-12,Unit_Delta,grievances,0.7
2022-12-12,Unit_Delta,workers_comp_claims,0.9
2022-12-12,Unit_Delta,attrition,0.9
2022-12-19,Unit_Delta,headcount,57.8
2022-12-19,Unit_Delta,workload_volume,420.4
2022-12-19,Unit_Delta,leave_usage,3.5
2022-12-19,Unit_Delta,grievances,1.1
2022-12-19,Unit_Delta,workers_comp_claims,0.0
2022-12-19,Unit_Delta,attrition,1.4
2022-12-26,Unit_Delta,headcount,58.9
2022-12-26,Unit_Delta,workload_volume,561.8
2022-12-26,Unit_Delta,leave_usage,7.2
2022-12-26,Unit_Delta,grievances,0.0
2022-12-26,Unit_Delta,workers_comp_claims,0.5
2022-12-26,Unit_Delta,attrition,1.1
2023-01-02,Unit_Delta,headcount,58.2
2023-01-02,Unit_Delta,workload_volume,431.8
2023-01-02,Unit_Delta,leave_usage,5.7
2023-01-02,Unit_Delta,grievances,0.0
2023-01-02,Unit_Delta,workers_comp_claims,0.0
2023-01-02,Unit_Delta,attrition,0.7
2023-01-09,Unit_Delta,headcount,59.2
2023-01-09,Unit_Delta,workload_volume,398.6
2023-01-09,Unit_Delta,leave_usage,6.5
2023-01-09,Unit_Delta,grievances,0.0
2023-01-09,Unit_Delta,workers_comp_claims,0.7
2023-01-09,Unit_Delta,attrition,1.2
2023-01-16,Unit_Delta,headcount,59.9
2023-01-16,Unit_Delta,workload_volume,461.2
2023-01-16,Unit_Delta,leave_usage,4.0
2023-01-16,Unit_Delta,grievances,0.0
2023-01-16,Unit_Delta,workers_comp_claims,0.6
2023-01-16,Unit_Delta,attrition,1.5
2023-01-23,Unit_Delta,headcount,58.3
2023-01-23,Unit_Delta,workload_volume,440.1
2023-01-23,Unit_Delta,leave_usage,6.3
2023-01-23,Unit_Delta,grievances,0.1
2023-01-23,Unit_Delta,workers_comp_claims,1.2
2023-01-23,Unit_Delta,attrition,0.0
2023-01-30,Unit_Delta,headcount,58.9
2023-01-30,Unit_Delta,workload_volume,437.8
2023-01-30,Unit_Delta,leave_usage,3.4
2023-01-30,Unit_Delta,grievances,0.0
2023-01-30,Unit_Delta,workers_comp_claims,0.2
2023-01-30,Unit_Delta,attrition,1.7
2023-02-06,Unit_Delta,headcount,58.8
2023-02-06,Unit_Delta,workload_volume,447.9
2023-02-06,Unit_Delta,leave_usage,6.4
2023-02-06,Unit_Delta,grievances,0.0
2023-02-06,Unit_Delta,workers_comp_claims,0.6
2023-02-06,Unit_Delta,attrition,0.8
2023-02-13,Unit_Delta,headcount,60.2
2023-02-13,Unit_Delta,workload_volume,521.2
2023-02-13,Unit_Delta,leave_usage,5.3
2023-02-13,Unit_Delta,grievances,0.0
2023-02-13,Unit_Delta,workers_comp_claims,0.3
2023-02-13,Unit_Delta,attrition,1.3
2023-02-20,Unit_Delta,headcount,60.1
2023-02-20,Unit_Delta,workload_volume,362.6
2023-02-20,Unit_Delta,leave_usage,5.9
2023-02-20,Unit_Delta,grievances,0.5
2023-02-20,Unit_Delta,workers_comp_claims,0.9
2023-02-20,Unit_Delta,attrition,1.8
2023-02-27,Unit_Delta,headcount,59.1
2023-02-27,Unit_Delta,workload_volume,443.5
2023-02-27,Unit_Delta,leave_usage,3.3
2023-02-27,Unit_Delta,grievances,0.8
2023-02-27,Unit_Delta,workers_comp_claims,0.0
2023-02-27,Unit_Delta,attrition,0.2
2023-03-06,Unit_Delta,headcount,60.2
2023-03-06,Unit_Delta,workload_volume,374.2
2023-03-06,Unit_Delta,leave_usage,3.8
2023-03-06,Unit_Delta,grievances,0.0
2023-03-06,Unit_Delta,workers_comp_claims,0.7
2023-03-06,Unit_Delta,attrition,0.6
2023-03-13,Unit_Delta,headcount,59.3
2023-03-13,Unit_Delta,workload_volume,449.0
2023-03-13,Unit_Delta,leave_usage,6.0
2023-03-13,Unit_Delta,grievances,0.0
2023-03-13,Unit_Delta,workers_comp_claims,0.2
2023-03-13,Unit_Delta,attrition,0.9
2023-03-20,Unit_Delta,headcount,59.7
2023-03-20,Unit_Delta,workload_volume,376.0
2023-03-20,Unit_Delta,leave_usage,3.7
2023-03-20,Unit_Delta,grievances,0.0
2023-03-20,Unit_Delta,workers_comp_claims,0.2
2023-03-20,Unit_Delta,attrition,0.6
2023-03-27,Unit_Delta,headcount,62.0
2023-03-27,Unit_Delta,workload_volume,401.7
2023-03-27,Unit_Delta,leave_usage,5.8
2023-03-27,Unit_Delta,grievances,0.3
2023-03-27,Unit_Delta,workers_comp_claims,0.3
2023-03-27,Unit_Delta,attrition,2.1
2023-04-03,Unit_Delta,headcount,61.6
2023-04-03,Unit_Delta,workload_volume,408.5
2023-04-03,Unit_Delta,leave_usage,3.1
2023-04-03,Unit_Delta,grievances,0.0
2023-04-03,Unit_Delta,workers_comp_claims,0.4
2023-04-03,Unit_Delta,attrition,0.5
2023-04-10,Unit_Delta,headcount,58.4
2023-04-10,Unit_Delta,workload_volume,472.6
2023-04-10,Unit_Delta,leave_usage,6.4
2023-04-10,Unit_Delta,grievances,0.8
2023-04-10,Unit_Delta,workers_comp_claims,0.2
2023-04-10,Unit_Delta,attrition,0.7
2023-04-17,Unit_Delta,headcount,61.0
2023-04-17,Unit_Delta,workload_volume,470.3
2023-04-17,Unit_Delta,leave_usage,3.3
2023-04-17,Unit_Delta,grievances,0.0
2023-04-17,Unit_Delta,workers_comp_claims,0.4
2023-04-17,Unit_Delta,attrition,1.2
2023-04-24,Unit_Delta,headcount,61.0
2023-04-24,Unit_Delta,workload_volume,362.7
2023-04-24,Unit_Delta,leave_usage,6.0
2023-04-24,Unit_Delta,grievances,0.1
2023-04-24,Unit_Delta,workers_comp_claims,1.1
2023-04-24,Unit_Delta,attrition,0.3
2023-05-01,Unit_Delta,headcount,58.6
2023-05-01,Unit_Delta,workload_volume,428.3
2023-05-01,Unit_Delta,leave_usage,6.2
2023-05-01,Unit_Delta,grievances,0.6
2023-05-01,Unit_Delta,workers_comp_claims,0.8
2023-05-01,Unit_Delta,attrition,0.8
2023-05-08,Unit_Delta,headcount,61.0
2023-05-08,Unit_Delta,workload_volume,390.6
2023-05-08,Unit_Delta,leave_usage,4.2
2023-05-08,Unit_Delta,grievances,0.5
2023-05-08,Unit_Delta,workers_comp_claims,0.7
2023-05-08,Unit_Delta,attrition,1.2
2023-05-15,Unit_Delta,headcount,61.8
2023-05-15,Unit_Delta,workload_volume,363.6
2023-05-15,Unit_Delta,leave_usage,6.1
2023-05-15,Unit_Delta,grievances,2.5
2023-05-15,Unit_Delta,workers_comp_claims,0.1
2023-05-15,Unit_Delta,attrition,0.9
2023-05-22,Unit_Delta,headcount,58.7
2023-05-22,Unit_Delta,workload_volume,416.2
2023-05-22,Unit_Delta,leave_usage,5.6
2023-05-22,Unit_Delta,grievances,0.6
2023-05-22,Unit_Delta,workers_comp_claims,0.0
2023-05-22,Unit_Delta,attrition,1.0
2023-05-29,Unit_Delta,headcount,58.9
2023-05-29,Unit_Delta,workload_volume,412.1
2023-05-29,Unit_Delta,leave_usage,4.5
2023-05-29,Unit_Delta,grievances,0.0
2023-05-29,Unit_Delta,workers_comp_claims,0.8
2023-05-29,Unit_Delta,attrition,0.7
2023-06-05,Unit_Delta,headcount,61.2
2023-06-05,Unit_Delta,workload_volume,549.3
2023-06-05,Unit_Delta,leave_usage,3.8
2023-06-05,Unit_Delta,grievances,0.3
2023-06-05,Unit_Delta,workers_comp_claims,0.7
2023-06-05,Unit_Delta,attrition,0.1
2023-06-12,Unit_Delta,headcount,60.3
2023-06-12,Unit_Delta,workload_volume,450.0
2023-06-12,Unit_Delta,leave_usage,2.3
2023-06-12,Unit_Delta,grievances,0.0
2023-06-12,Unit_Delta,workers_comp_claims,1.0
2023-06-12,Unit_Delta,attrition,1.2
2023-06-19,Unit_Delta,headcount,60.7
2023-06-19,Unit_Delta,workload_volume,359.8
2023-06-19,Unit_Delta,leave_usage,5.8
2023-06-19,Unit_Delta,grievances,0.3
2023-06-19,Unit_Delta,workers_comp_claims,0.0
2023-06-19,Unit_Delta,attrition,2.1
2023-06-26,Unit_Delta,headcount,60.4
2023-06-26,Unit_Delta,workload_volume,400.8
2023-06-26,Unit_Delta,leave_usage,3.0
2023-06-26,Unit_Delta,grievances,0.0
2023-06-26,Unit_Delta,workers_comp_claims,0.2
2023-06-26,Unit_Delta,attrition,1.1
2023-07-03,Unit_Delta,headcount,60.5
2023-07-03,Unit_Delta,workload_volume,480.5
2023-07-03,Unit_Delta,leave_usage,5.5
2023-07-03,Unit_Delta,grievances,1.1
2023-07-03,Unit_Delta,workers_comp_claims,0.0
2023-07-03,Unit_Delta,attrition,1.2
2023-07-10,Unit_Delta,headcount,58.4
2023-07-10,Unit_Delta,workload_volume,534.2
2023-07-10,Unit_Delta,leave_usage,4.9
2023-07-10,Unit_Delta,grievances,0.0
2023-07-10,Unit_Delta,workers_comp_claims,0.1
2023-07-10,Unit_Delta,attrition,1.5
2023-07-17,Unit_Delta,headcount,61.3
2023-07-17,Unit_Delta,workload_volume,350.7
2023-07-17,Unit_Delta,leave_usage,6.3
2023-07-17,Unit_Delta,grievances,0.3
2023-07-17,Unit_Delta,workers_comp_claims,0.8
2023-07-17,Unit_Delta,attrition,0.3
2023-07-24,Unit_Delta,headcount,61.4
2023-07-24,Unit_Delta,workload_volume,336.3
2023-07-24,Unit_Delta,leave_usage,4.9
2023-07-24,Unit_Delta,grievances,0.0
2023-07-24,Unit_Delta,workers_comp_claims,0.0
2023-07-24,Unit_Delta,attrition,2.1
2023-07-31,Unit_Delta,headcount,59.7
2023-07-31,Unit_Delta,workload_volume,524.1
2023-07-31,Unit_Delta,leave_usage,4.8
2023-07-31,Unit_Delta,grievances,1.7
2023-07-31,Unit_Delta,workers_comp_claims,0.6
2023-07-31,Unit_Delta,attrition,1.2
2023-08-07,Unit_Delta,headcount,59.9
2023-08-07,Unit_Delta,workload_volume,450.3
2023-08-07,Unit_Delta,leave_usage,6.4
2023-08-07,Unit_Delta,grievances,0.1
2023-08-07,Unit_Delta,workers_comp_claims,0.2
2023-08-07,Unit_Delta,attrition,2.0
2023-08-14,Unit_Delta,headcount,58.2
2023-08-14,Unit_Delta,workload_volume,387.6
2023-08-14,Unit_Delta,leave_usage,5.8
2023-08-14,Unit_Delta,grievances,1.8
2023-08-14,Unit_Delta,workers_comp_claims,0.4
2023-08-14,Unit_Delta,attrition,0.6
2023-08-21,Unit_Delta,headcount,60.6
2023-08-21,Unit_Delta,workload_volume,457.9
2023-08-21,Unit_Delta,leave_usage,5.8
2023-08-21,Unit_Delta,grievances,1.0
2023-08-21,Unit_Delta,workers_comp_claims,0.0
2023-08-21,Unit_Delta,attrition,2.1
2023-08-28,Unit_Delta,headcount,60.7
2023-08-28,Unit_Delta,workload_volume,299.5
2023-08-28,Unit_Delta,leave_usage,6.1
2023-08-28,Unit_Delta,grievances,0.7
2023-08-28,Unit_Delta,workers_comp_claims,0.3
2023-08-28,Unit_Delta,attrition,1.5
2023-09-04,Unit_Delta,headcount,59.9
2023-09-04,Unit_Delta,workload_volume,431.6
2023-09-04,Unit_Delta,leave_usage,3.1
2023-09-04,Unit_Delta,grievances,0.6
2023-09-04,Unit_Delta,workers_comp_claims,0.0
2023-09-04,Unit_Delta,attrition,1.4
2023-09-11,Unit_Delta,headcount,61.3
2023-09-11,Unit_Delta,workload_volume,448.0
2023-09-11,Unit_Delta,leave_usage,6.5
2023-09-11,Unit_Delta,grievances,0.7
2023-09-11,Unit_Delta,workers_comp_claims,0.2
2023-09-11,Unit_Delta,attrition,1.2
2023-09-18,Unit_Delta,headcount,59.6
2023-09-18,Unit_Delta,workload_volume,477.9
2023-09-18,Unit_Delta,leave_usage,6.3
2023-09-18,Unit_Delta,grievances,0.0
2023-09-18,Unit_Delta,workers_comp_claims,0.0
2023-09-18,Unit_Delta,attrition,0.9
2023-09-25,Unit_Delta,headcount,60.7
2023-09-25,Unit_Delta,workload_volume,381.0
2023-09-25,Unit_Delta,leave_usage,3.8
2023-09-25,Unit_Delta,grievances,0.1
2023-09-25,Unit_Delta,workers_comp_claims,0.9
2023-09-25,Unit_Delta,attrition,1.8
2023-10-02,Unit_Delta,headcount,58.8
2023-10-02,Unit_Delta,workload_volume,436.0
2023-10-02,Unit_Delta,leave_usage,5.0
2023-10-02,Unit_Delta,grievances,1.0
2023-10-02,Unit_Delta,workers_comp_claims,0.7
2023-10-02,Unit_Delta,attrition,1.1
2023-10-09,Unit_Delta,headcount,60.0
2023-10-09,Unit_Delta,workload_volume,385.5
2023-10-09,Unit_Delta,leave_usage,5.3
2023-10-09,Unit_Delta,grievances,0.3
2023-10-09,Unit_Delta,workers_comp_claims,0.5
2023-10-09,Unit_Delta,attrition,0.0
2023-10-16,Unit_Delta,headcount,59.8
2023-10-16,Unit_Delta,workload_volume,444.5
2023-10-16,Unit_Delta,leave_usage,5.2
2023-10-16,Unit_Delta,grievances,0.0
2023-10-16,Unit_Delta,workers_comp_claims,1.0
2023-10-16,Unit_Delta,attrition,0.4
2023-10-23,Unit_Delta,headcount,60.3
2023-10-23,Unit_Delta,workload_volume,386.9
2023-10-23,Unit_Delta,leave_usage,5.9
2023-10-23,Unit_Delta,grievances,0.3
2023-10-23,Unit_Delta,workers_comp_claims,0.0
2023-10-23,Unit_Delta,attrition,0.9
2023-10-30,Unit_Delta,headcount,59.6
2023-10-30,Unit_Delta,workload_volume,411.3
2023-10-30,Unit_Delta,leave_usage,7.5
2023-10-30,Unit_Delta,grievances,1.7
2023-10-30,Unit_Delta,workers_comp_claims,1.2
2023-10-30,Unit_Delta,attrition,1.2
2023-11-06,Unit_Delta,headcount,59.8
2023-11-06,Unit_Delta,workload_volume,381.8
2023-11-06,Unit_Delta,leave_usage,7.0
2023-11-06,Unit_Delta,grievances,1.3
2023-11-06,Unit_Delta,workers_comp_claims,0.7
2023-11-06,Unit_Delta,attrition,1.0
2023-11-13,Unit_Delta,headcount,61.0
2023-11-13,Unit_Delta,workload_volume,464.0
2023-11-13,Unit_Delta,leave_usage,3.4
2023-11-13,Unit_Delta,grievances,0.3
2023-11-13,Unit_Delta,workers_comp_claims,0.2
2023-11-13,Unit_Delta,attrition,1.8
2023-11-20,Unit_Delta,headcount,59.5
2023-11-20,Unit_Delta,workload_volume,474.3
2023-11-20,Unit_Delta,leave_usage,6.3
2023-11-20,Unit_Delta,grievances,1.1
2023-11-20,Unit_Delta,workers_comp_claims,0.8
2023-11-20,Unit_Delta,attrition,0.0
2023-11-27,Unit_Delta,headcount,58.1
2023-11-27,Unit_Delta,workload_volume,419.5
2023-11-27,Unit_Delta,leave_usage,7.3
2023-11-27,Unit_Delta,grievances,0.1
2023-11-27,Unit_Delta,workers_comp_claims,0.0
2023-11-27,Unit_Delta,attrition,1.1
2023-12-04,Unit_Delta,headcount,62.1
2023-12-04,Unit_Delta,workload_volume,432.9
2023-12-04,Unit_Delta,leave_usage,5.9
2023-12-04,Unit_Delta,grievances,0.0
2023-12-04,Unit_Delta,workers_comp_claims,0.0
2023-12-04,Unit_Delta,attrition,0.0
2023-12-11,Unit_Delta,headcount,61.7
2023-12-11,Unit_Delta,workload_volume,358.4
2023-12-11,Unit_Delta,leave_usage,7.0
2023-12-11,Unit_Delta,grievances,0.0
2023-12-11,Unit_Delta,workers_comp_claims,0.0
2023-12-11,Unit_Delta,attrition,1.5
2023-12-18,Unit_Delta,headcount,58.4
2023-12-18,Unit_Delta,workload_volume,415.6
2023-12-18,Unit_Delta,leave_usage,8.3
2023-12-18,Unit_Delta,grievances,1.6
2023-12-18,Unit_Delta,workers_comp_claims,0.0
2023-12-18,Unit_Delta,attrition,1.0
2023-12-25,Unit_Delta,headcount,60.8
2023-12-25,Unit_Delta,workload_volume,427.8
2023-12-25,Unit_Delta,leave_usage,6.9
2023-12-25,Unit_Delta,grievances,0.1
2023-12-25,Unit_Delta,workers_comp_claims,0.0
2023-12-25,Unit_Delta,attrition,1.3
2024-01-01,Unit_Delta,headcount,59.4
2024-01-01,Unit_Delta,workload_volume,561.1
2024-01-01,Unit_Delta,leave_usage,5.7
2024-01-01,Unit_Delta,grievances,0.2
2024-01-01,Unit_Delta,workers_comp_claims,0.9
2024-01-01,Unit_Delta,attrition,0.5
2024-01-08,Unit_Delta,headcount,60.3
2024-01-08,Unit_Delta,workload_volume,374.2
2024-01-08,Unit_Delta,leave_usage,6.9
2024-01-08,Unit_Delta,grievances,0.1
2024-01-08,Unit_Delta,workers_comp_claims,0.2
2024-01-08,Unit_Delta,attrition,1.8
2024-01-15,Unit_Delta,headcount,60.4
2024-01-15,Unit_Delta,workload_volume,502.7
2024-01-15,Unit_Delta,leave_usage,5.5
2024-01-15,Unit_Delta,grievances,1.9
2024-01-15,Unit_Delta,workers_comp_claims,0.5
2024-01-15,Unit_Delta,attrition,1.7
2024-01-22,Unit_Delta,headcount,59.7
2024-01-22,Unit_Delta,workload_volume,479.0
2024-01-22,Unit_Delta,leave_usage,5.3
2024-01-22,Unit_Delta,grievances,1.7
2024-01-22,Unit_Delta,workers_comp_claims,0.0
2024-01-22,Unit_Delta,attrition,1.4
2024-01-29,Unit_Delta,headcount,59.1
2024-01-29,Unit_Delta,workload_volume,442.8
2024-01-29,Unit_Delta,leave_usage,4.8
2024-01-29,Unit_Delta,grievances,2.1
2024-01-29,Unit_Delta,workers_comp_claims,0.0
2024-01-29,Unit_Delta,attrition,1.0
2024-02-05,Unit_Delta,headcount,59.2
2024-02-05,Unit_Delta,workload_volume,516.3
2024-02-05,Unit_Delta,leave_usage,7.6
2024-02-05,Unit_Delta,grievances,0.2
2024-02-05,Unit_Delta,workers_comp_claims,0.4
2024-02-05,Unit_Delta,attrition,1.4
2024-02-12,Unit_Delta,headcount,58.9
2024-02-12,Unit_Delta,workload_volume,446.6
2024-02-12,Unit_Delta,leave_usage,4.0
2024-02-12,Unit_Delta,grievances,0.6
2024-02-12,Unit_Delta,workers_comp_claims,0.0
2024-02-12,Unit_Delta,attrition,0.6
2024-02-19,Unit_Delta,headcount,59.0
2024-02-19,Unit_Delta,workload_volume,447.0
2024-02-19,Unit_Delta,leave_usage,7.5
2024-02-19,Unit_Delta,grievances,0.0
2024-02-19,Unit_Delta,workers_comp_claims,0.2
2024-02-19,Unit_Delta,attrition,1.6
2024-02-26,Unit_Delta,headcount,59.9
2024-02-26,Unit_Delta,workload_volume,424.4
2024-02-26,Unit_Delta,leave_usage,6.0
2024-02-26,Unit_Delta,grievances,1.5
2024-02-26,Unit_Delta,workers_comp_claims,0.0
2024-02-26,Unit_Delta,attrition,2.0
2024-03-04,Unit_Delta,headcount,59.1
2024-03-04,Unit_Delta,workload_volume,487.8
2024-03-04,Unit_Delta,leave_usage,3.1
2024-03-04,Unit_Delta,grievances,0.0
2024-03-04,Unit_Delta,workers_comp_claims,1.3
2024-03-04,Unit_Delta,attrition,1.7
2024-03-11,Unit_Delta,headcount,60.8
2024-03-11,Unit_Delta,workload_volume,481.0
2024-03-11,Unit_Delta,leave_usage,5.8
2024-03-11,Unit_Delta,grievances,0.5
2024-03-11,Unit_Delta,workers_comp_claims,0.7
2024-03-11,Unit_Delta,attrition,0.6
2024-03-18,Unit_Delta,headcount,61.8
2024-03-18,Unit_Delta,workload_volume,394.3
2024-03-18,Unit_Delta,leave_usage,2.0
2024-03-18,Unit_Delta,grievances,0.0
2024-03-18,Unit_Delta,workers_comp_claims,0.3
2024-03-18,Unit_Delta,attrition,1.3
2024-03-25,Unit_Delta,headcount,59.3
2024-03-25,Unit_Delta,workload_volume,359.1
2024-03-25,Unit_Delta,leave_usage,6.1
2024-03-25,Unit_Delta,grievances,0.0
2024-03-25,Unit_Delta,workers_comp_claims,0.9
2024-03-25,Unit_Delta,attrition,0.3
2024-04-01,Unit_Delta,headcount,60.3
2024-04-01,Unit_Delta,workload_volume,414.4
2024-04-01,Unit_Delta,leave_usage,6.5
2024-04-01,Unit_Delta,grievances,0.0
2024-04-01,Unit_Delta,workers_comp_claims,0.0
2024-04-01,Unit_Delta,attrition,1.4
2024-04-08,Unit_Delta,headcount,60.6
2024-04-08,Unit_Delta,workload_volume,383.9
2024-04-08,Unit_Delta,leave_usage,4.3
2024-04-08,Unit_Delta,grievances,0.0
2024-04-08,Unit_Delta,workers_comp_claims,0.6
2024-04-08,Unit_Delta,attrition,1.3
2024-04-15,Unit_Delta,headcount,60.6
2024-04-15,Unit_Delta,workload_volume,420.2
2024-04-15,Unit_Delta,leave_usage,5.3
2024-04-15,Unit_Delta,grievances,0.0
2024-04-15,Unit_Delta,workers_comp_claims,0.4
2024-04-15,Unit_Delta,attrition,0.0
2024-04-22,Unit_Delta,headcount,60.1
2024-04-22,Unit_Delta,workload_volume,484.6
2024-04-22,Unit_Delta,leave_usage,8.1
2024-04-22,Unit_Delta,grievances,0.0
2024-04-22,Unit_Delta,workers_comp_claims,0.4
2024-04-22,Unit_Delta,attrition,0.4
2024-04-29,Unit_Delta,headcount,60.9
2024-04-29,Unit_Delta,workload_volume,399.2
2024-04-29,Unit_Delta,leave_usage,4.3
2024-04-29,Unit_Delta,grievances,1.0
2024-04-29,Unit_Delta,workers_comp_claims,0.9
2024-04-29,Unit_Delta,attrition,0.9
2024-05-06,Unit_Delta,headcount,60.6
2024-05-06,Unit_Delta,workload_volume,419.2
2024-05-06,Unit_Delta,leave_usage,3.5
2024-05-06,Unit_Delta,grievances,0.0
2024-05-06,Unit_Delta,workers_comp_claims,0.6
2024-05-06,Unit_Delta,attrition,0.9
2024-05-13,Unit_Delta,headcount,58.5
2024-05-13,Unit_Delta,workload_volume,423.6
2024-05-13,Unit_Delta,leave_usage,7.3
2024-05-13,Unit_Delta,grievances,0.5
2024-05-13,Unit_Delta,workers_comp_claims,0.4
2024-05-13,Unit_Delta,attrition,0.3
2024-05-20,Unit_Delta,headcount,61.0
2024-05-20,Unit_Delta,workload_volume,462.4
2024-05-20,Unit_Delta,leave_usage,8.0
2024-05-20,Unit_Delta,grievances,1.3
2024-05-20,Unit_Delta,workers_comp_claims,0.0
2024-05-20,Unit_Delta,attrition,1.3
2024-05-27,Unit_Delta,headcount,61.1
2024-05-27,Unit_Delta,workload_volume,306.9
2024-05-27,Unit_Delta,leave_usage,5.0
2024-05-27,Unit_Delta,grievances,0.0
2024-05-27,Unit_Delta,workers_comp_claims,0.0
2024-05-27,Unit_Delta,attrition,1.2
2024-06-03,Unit_Delta,headcount,59.1
2024-06-03,Unit_Delta,workload_volume,388.2
2024-06-03,Unit_Delta,leave_usage,6.5
2024-06-03,Unit_Delta,grievances,0.0
2024-06-03,Unit_Delta,workers_comp_claims,0.2
2024-06-03,Unit_Delta,attrition,0.9
2024-06-10,Unit_Delta,headcount,60.0
2024-06-10,Unit_Delta,workload_volume,428.3
2024-06-10,Unit_Delta,leave_usage,7.0
2024-06-10,Unit_Delta,grievances,0.2
2024-06-10,Unit_Delta,workers_comp_claims,0.3
2024-06-10,Unit_Delta,attrition,0.6
2024-06-17,Unit_Delta,headcount,60.8
2024-06-17,Unit_Delta,workload_volume,477.0
2024-06-17,Unit_Delta,leave_usage,3.9
2024-06-17,Unit_Delta,grievances,1.3
2024-06-17,Unit_Delta,workers_comp_claims,0.0
2024-06-17,Unit_Delta,attrition,1.7
2024-06-24,Unit_Delta,headcount,59.7
2024-06-24,Unit_Delta,workload_volume,391.6
2024-06-24,Unit_Delta,leave_usage,4.2
2024-06-24,Unit_Delta,grievances,0.5
2024-06-24,Unit_Delta,workers_comp_claims,1.5
2024-06-24,Unit_Delta,attrition,2.0
2022-01-03,Unit_Echo,headcount,148.5
2022-01-03,Unit_Echo,workload_volume,1530.2
2022-01-03,Unit_Echo,leave_usage,39.2
2022-01-03,Unit_Echo,grievances,2.5
2022-01-03,Unit_Echo,workers_comp_claims,1.0
2022-01-03,Unit_Echo,attrition,5.1
2022-01-10,Unit_Echo,headcount,148.2
2022-01-10,Unit_Echo,workload_volume,1516.4
2022-01-10,Unit_Echo,leave_usage,37.8
2022-01-10,Unit_Echo,grievances,0.8
2022-01-10,Unit_Echo,workers_comp_claims,1.1
2022-01-10,Unit_Echo,attrition,4.2
2022-01-17,Unit_Echo,headcount,151.5
2022-01-17,Unit_Echo,workload_volume,1534.9
2022-01-17,Unit_Echo,leave_usage,36.4
2022-01-17,Unit_Echo,grievances,2.9
2022-01-17,Unit_Echo,workers_comp_claims,0.7
2022-01-17,Unit_Echo,attrition,4.0
2022-01-24,Unit_Echo,headcount,148.9
2022-01-24,Unit_Echo,workload_volume,1557.3
2022-01-24,Unit_Echo,leave_usage,37.6
2022-01-24,Unit_Echo,grievances,0.1
2022-01-24,Unit_Echo,workers_comp_claims,1.2
2022-01-24,Unit_Echo,attrition,4.0
2022-01-31,Unit_Echo,headcount,149.6
2022-01-31,Unit_Echo,workload_volume,1524.2
2022-01-31,Unit_Echo,leave_usage,37.8
2022-01-31,Unit_Echo,grievances,1.8
2022-01-31,Unit_Echo,workers_comp_claims,0.8
2022-01-31,Unit_Echo,attrition,3.4
2022-02-07,Unit_Echo,headcount,152.2
2022-02-07,Unit_Echo,workload_volume,1514.7
2022-02-07,Unit_Echo,leave_usage,35.3
2022-02-07,Unit_Echo,grievances,1.9
2022-02-07,Unit_Echo,workers_comp_claims,0.6
2022-02-07,Unit_Echo,attrition,4.8
2022-02-14,Unit_Echo,headcount,144.3
2022-02-14,Unit_Echo,workload_volume,1464.7
2022-02-14,Unit_Echo,leave_usage,35.0
2022-02-14,Unit_Echo,grievances,0.9
2022-02-14,Unit_Echo,workers_comp_claims,1.3
2022-02-14,Unit_Echo,attrition,3.4
2022-02-21,Unit_Echo,headcount,154.0
2022-02-21,Unit_Echo,workload_volume,1474.6
2022-02-21,Unit_Echo,leave_usage,36.4
2022-02-21,Unit_Echo,grievances,1.8
2022-02-21,Unit_Echo,workers_comp_claims,1.3
2022-02-21,Unit_Echo,attrition,3.8
2022-02-28,Unit_Echo,headcount,150.2
2022-02-28,Unit_Echo,workload_volume,1571.0
2022-02-28,Unit_Echo,leave_usage,37.6
2022-02-28,Unit_Echo,grievances,2.5
2022-02-28,Unit_Echo,workers_comp_claims,1.6
2022-02-28,Unit_Echo,attrition,3.3
2022-03-07,Unit_Echo,headcount,148.8
2022-03-07,Unit_Echo,workload_volume,1584.9
2022-03-07,Unit_Echo,leave_usage,36.5
2022-03-07,Unit_Echo,grievances,0.0
2022-03-07,Unit_Echo,workers_comp_claims,1.0
2022-03-07,Unit_Echo,attrition,4.4
2022-03-14,Unit_Echo,headcount,149.7
2022-03-14,Unit_Echo,workload_volume,1502.6
2022-03-14,Unit_Echo,leave_usage,34.0
2022-03-14,Unit_Echo,grievances,1.9
2022-03-14,Unit_Echo,workers_comp_claims,1.4
2022-03-14,Unit_Echo,attrition,4.4
2022-03-21,Unit_Echo,headcount,149.9
2022-03-21,Unit_Echo,workload_volume,1518.3
2022-03-21,Unit_Echo,leave_usage,35.2
2022-03-21,Unit_Echo,grievances,0.0
2022-03-21,Unit_Echo,workers_comp_claims,1.5
2022-03-21,Unit_Echo,attrition,4.3
2022-03-28,Unit_Echo,headcount,144.8
2022-03-28,Unit_Echo,workload_volume,1472.2
2022-03-28,Unit_Echo,leave_usage,36.3
2022-03-28,Unit_Echo,grievances,0.7
2022-03-28,Unit_Echo,workers_comp_claims,1.4
2022-03-28,Unit_Echo,attrition,3.9
2022-04-04,Unit_Echo,headcount,154.5
2022-04-04,Unit_Echo,workload_volume,1577.5
2022-04-04,Unit_Echo,leave_usage,36.3
2022-04-04,Unit_Echo,grievances,2.8
2022-04-04,Unit_Echo,workers_comp_claims,0.8
2022-04-04,Unit_Echo,attrition,3.8
2022-04-11,Unit_Echo,headcount,150.1
2022-04-11,Unit_Echo,workload_volume,1553.5
2022-04-11,Unit_Echo,leave_usage,39.4
2022-04-11,Unit_Echo,grievances,1.0
2022-04-11,Unit_Echo,workers_comp_claims,1.3
2022-04-11,Unit_Echo,attrition,4.8
2022-04-18,Unit_Echo,headcount,151.3
2022-04-18,Unit_Echo,workload_volume,1618.7
2022-04-18,Unit_Echo,leave_usage,34.4
2022-04-18,Unit_Echo,grievances,0.6
2022-04-18,Unit_Echo,workers_comp_claims,1.4
2022-04-18,Unit_Echo,attrition,4.2
2022-04-25,Unit_Echo,headcount,152.9
2022-04-25,Unit_Echo,workload_volume,1479.2
2022-04-25,Unit_Echo,leave_usage,37.3
2022-04-25,Unit_Echo,grievances,1.3
2022-04-25,Unit_Echo,workers_comp_claims,1.2
2022-04-25,Unit_Echo,attrition,4.7
2022-05-02,Unit_Echo,headcount,146.9
2022-05-02,Unit_Echo,workload_volume,1505.6
2022-05-02,Unit_Echo,leave_usage,38.8
2022-05-02,Unit_Echo,grievances,3.2
2022-05-02,Unit_Echo,workers_comp_claims,0.2
2022-05-02,Unit_Echo,attrition,4.0
2022-05-09,Unit_Echo,headcount,151.4
2022-05-09,Unit_Echo,workload_volume,1537.4
2022-05-09,Unit_Echo,leave_usage,40.0
2022-05-09,Unit_Echo,grievances,0.0
2022-05-09,Unit_Echo,workers_comp_claims,1.3
2022-05-09,Unit_Echo,attrition,4.6
2022-05-16,Unit_Echo,headcount,149.2
2022-05-16,Unit_Echo,workload_volume,1559.6
2022-05-16,Unit_Echo,leave_usage,36.0
2022-05-16,Unit_Echo,grievances,0.7
2022-05-16,Unit_Echo,workers_comp_claims,2.3
2022-05-16,Unit_Echo,attrition,5.3
2022-05-23,Unit_Echo,headcount,152.5
2022-05-23,Unit_Echo,workload_volume,1517.9
2022-05-23,Unit_Echo,leave_usage,37.4
2022-05-23,Unit_Echo,grievances,2.7
2022-05-23,Unit_Echo,workers_comp_claims,1.0
2022-05-23,Unit_Echo,attrition,4.9
2022-05-30,Unit_Echo,headcount,143.6
2022-05-30,Unit_Echo,workload_volume,1486.4
2022-05-30,Unit_Echo,leave_usage,37.6
2022-05-30,Unit_Echo,grievances,3.0
2022-05-30,Unit_Echo,workers_comp_claims,0.8
2022-05-30,Unit_Echo,attrition,4.3
2022-06-06,Unit_Echo,headcount,149.7
2022-06-06,Unit_Echo,workload_volume,1575.5
2022-06-06,Unit_Echo,leave_usage,37.0
2022-06-06,Unit_Echo,grievances,1.4
2022-06-06,Unit_Echo,workers_comp_claims,1.4
2022-06-06,Unit_Echo,attrition,4.7
2022-06-13,Unit_Echo,headcount,148.2
2022-06-13,Unit_Echo,workload_volume,1568.8
2022-06-13,Unit_Echo,leave_usage,36.6
2022-06-13,Unit_Echo,grievances,0.5
2022-06-13,Unit_Echo,workers_comp_claims,1.4
2022-06-13,Unit_Echo,attrition,4.4
2022-06-20,Unit_Echo,headcount,151.3
2022-06-20,Unit_Echo,workload_volume,1488.3
2022-06-20,Unit_Echo,leave_usage,37.5
2022-06-20,Unit_Echo,grievances,3.2
2022-06-20,Unit_Echo,workers_comp_claims,1.8
2022-06-20,Unit_Echo,attrition,4.5
2022-06-27,Unit_Echo,headcount,151.4
2022-06-27,Unit_Echo,workload_volume,1603.2
2022-06-27,Unit_Echo,leave_usage,33.0
2022-06-27,Unit_Echo,grievances,2.8
2022-06-27,Unit_Echo,workers_comp_claims,0.6
2022-06-27,Unit_Echo,attrition,4.3
2022-07-04,Unit_Echo,headcount,147.9
2022-07-04,Unit_Echo,workload_volume,1595.3
2022-07-04,Unit_Echo,leave_usage,37.9
2022-07-04,Unit_Echo,grievances,2.0
2022-07-04,Unit_Echo,workers_comp_claims,1.6
2022-07-04,Unit_Echo,attrition,4.4
2022-07-11,Unit_Echo,headcount,147.9
2022-07-11,Unit_Echo,workload_volume,1544.8
2022-07-11,Unit_Echo,leave_usage,37.1
2022-07-11,Unit_Echo,grievances,0.9
2022-07-11,Unit_Echo,workers_comp_claims,1.5
2022-07-11,Unit_Echo,attrition,4.6
2022-07-18,Unit_Echo,headcount,149.7
2022-07-18,Unit_Echo,workload_volume,1543.4
2022-07-18,Unit_Echo,leave_usage,36.6
2022-07-18,Unit_Echo,grievances,1.5
2022-07-18,Unit_Echo,workers_comp_claims,1.1
2022-07-18,Unit_Echo,attrition,3.9
2022-07-25,Unit_Echo,headcount,147.3
2022-07-25,Unit_Echo,workload_volume,1568.4
2022-07-25,Unit_Echo,leave_usage,40.0
2022-07-25,Unit_Echo,grievances,1.4
2022-07-25,Unit_Echo,workers_comp_claims,1.4
2022-07-25,Unit_Echo,attrition,3.9
2022-08-01,Unit_Echo,headcount,152.5
2022-08-01,Unit_Echo,workload_volume,1498.9
2022-08-01,Unit_Echo,leave_usage,36.0
2022-08-01,Unit_Echo,grievances,1.8
2022-08-01,Unit_Echo,workers_comp_claims,1.7
2022-08-01,Unit_Echo,attrition,3.7
2022-08-08,Unit_Echo,headcount,148.9
2022-08-08,Unit_Echo,workload_volume,1544.7
2022-08-08,Unit_Echo,leave_usage,36.4
2022-08-08,Unit_Echo,grievances,2.7
2022-08-08,Unit_Echo,workers_comp_claims,1.6
2022-08-08,Unit_Echo,attrition,3.5
2022-08-15,Unit_Echo,headcount,141.3
2022-08-15,Unit_Echo,workload_volume,1436.9
2022-08-15,Unit_Echo,leave_usage,40.0
2022-08-15,Unit_Echo,grievances,2.2
2022-08-15,Unit_Echo,workers_comp_claims,0.6
2022-08-15,Unit_Echo,attrition,3.8
2022-08-22,Unit_Echo,headcount,148.9
2022-08-22,Unit_Echo,workload_volume,1589.6
2022-08-22,Unit_Echo,leave_usage,35.8
2022-08-22,Unit_Echo,grievances,0.6
2022-08-22,Unit_Echo,workers_comp_claims,1.6
2022-08-22,Unit_Echo,attrition,4.6
2022-08-29,Unit_Echo,headcount,146.9
2022-08-29,Unit_Echo,workload_volume,1468.9
2022-08-29,Unit_Echo,leave_usage,36.3
2022-08-29,Unit_Echo,grievances,2.6
2022-08-29,Unit_Echo,workers_comp_claims,1.2
2022-08-29,Unit_Echo,attrition,4.0
2022-09-05,Unit_Echo,headcount,145.1
2022-09-05,Unit_Echo,workload_volume,1623.4
2022-09-05,Unit_Echo,leave_usage,36.9
2022-09-05,Unit_Echo,grievances,1.8
2022-09-05,Unit_Echo,workers_comp_claims,1.2
2022-09-05,Unit_Echo,attrition,4.8
2022-09-12,Unit_Echo,headcount,146.3
2022-09-12,Unit_Echo,workload_volume,1532.9
2022-09-12,Unit_Echo,leave_usage,38.4
2022-09-12,Unit_Echo,grievances,2.1
2022-09-12,Unit_Echo,workers_comp_claims,1.2
2022-09-12,Unit_Echo,attrition,4.5
2022-09-19,Unit_Echo,headcount,150.3
2022-09-19,Unit_Echo,workload_volume,1540.0
2022-09-19,Unit_Echo,leave_usage,37.5
2022-09-19,Unit_Echo,grievances,2.7
2022-09-19,Unit_Echo,workers_comp_claims,1.1
2022-09-19,Unit_Echo,attrition,3.3
2022-09-26,Unit_Echo,headcount,154.0
2022-09-26,Unit_Echo,workload_volume,1520.4
2022-09-26,Unit_Echo,leave_usage,35.3
2022-09-26,Unit_Echo,grievances,0.6
2022-09-26,Unit_Echo,workers_comp_claims,1.8
2022-09-26,Unit_Echo,attrition,4.9
2022-10-03,Unit_Echo,headcount,150.9
2022-10-03,Unit_Echo,workload_volume,1538.6
2022-10-03,Unit_Echo,leave_usage,36.4
2022-10-03,Unit_Echo,grievances,1.5
2022-10-03,Unit_Echo,workers_comp_claims,1.2
2022-10-03,Unit_Echo,attrition,5.0
2022-10-10,Unit_Echo,headcount,148.2
2022-10-10,Unit_Echo,workload_volume,1625.0
2022-10-10,Unit_Echo,leave_usage,36.4
2022-10-10,Unit_Echo,grievances,1.1
2022-10-10,Unit_Echo,workers_comp_claims,0.6
2022-10-10,Unit_Echo,attrition,3.9
2022-10-17,Unit_Echo,headcount,151.4
2022-10-17,Unit_Echo,workload_volume,1430.9
2022-10-17,Unit_Echo,leave_usage,37.2
2022-10-17,Unit_Echo,grievances,0.2
2022-10-17,Unit_Echo,workers_comp_claims,1.0
2022-10-17,Unit_Echo,attrition,4.8
2022-10-24,Unit_Echo,headcount,148.6
2022-10-24,Unit_Echo,workload_volume,1620.2
2022-10-24,Unit_Echo,leave_usage,38.0
2022-10-24,Unit_Echo,grievances,1.8
2022-10-24,Unit_Echo,workers_comp_claims,1.3
2022-10-24,Unit_Echo,attrition,4.0
2022-10-31,Unit_Echo,headcount,147.9
2022-10-31,Unit_Echo,workload_volume,1574.4
2022-10-31,Unit_Echo,leave_usage,38.0
2022-10-31,Unit_Echo,grievances,3.5
2022-10-31,Unit_Echo,workers_comp_claims,1.8
2022-10-31,Unit_Echo,attrition,4.6
2022-11-07,Unit_Echo,headcount,146.5
2022-11-07,Unit_Echo,workload_volume,1498.2
2022-11-07,Unit_Echo,leave_usage,34.7
2022-11-07,Unit_Echo,grievances,0.0
2022-11-07,Unit_Echo,workers_comp_claims,1.5
2022-11-07,Unit_Echo,attrition,3.7
2022-11-14,Unit_Echo,headcount,144.7
2022-11-14,Unit_Echo,workload_volume,1505.9
2022-11-14,Unit_Echo,leave_usage,39.0
2022-11-14,Unit_Echo,grievances,1.5
2022-11-14,Unit_Echo,workers_comp_claims,0.8
2022-11-14,Unit_Echo,attrition,3.4
2022-11-21,Unit_Echo,headcount,148.8
2022-11-21,Unit_Echo,workload_volume,1644.5
2022-11-21,Unit_Echo,leave_usage,37.8
2022-11-21,Unit_Echo,grievances,2.0
2022-11-21,Unit_Echo,workers_comp_claims,2.4
2022-11-21,Unit_Echo,attrition,4.3
2022-11-28,Unit_Echo,headcount,150.5
2022-11-28,Unit_Echo,workload_volume,1514.5
2022-11-28,Unit_Echo,leave_usage,39.5
2022-11-28,Unit_Echo,grievances,1.6
2022-11-28,Unit_Echo,workers_comp_claims,1.3
2022-11-28,Unit_Echo,attrition,4.4
2022-12-05,Unit_Echo,headcount,149.7
2022-12-05,Unit_Echo,workload_volume,1505.1
2022-12-05,Unit_Echo,leave_usage,38.1
2022-12-05,Unit_Echo,grievances,1.4
2022-12-05,Unit_Echo,workers_comp_claims,1.8
2022-12-05,Unit_Echo,attrition,4.3
2022-12-12,Unit_Echo,headcount,148.8
2022-12-12,Unit_Echo,workload_volume,1620.7
2022-12-12,Unit_Echo,leave_usage,39.1
2022-12-12,Unit_Echo,grievances,0.5
2022-12-12,Unit_Echo,workers_comp_claims,1.1
2022-12-12,Unit_Echo,attrition,3.8
2022-12-19,Unit_Echo,headcount,147.2
2022-12-19,Unit_Echo,workload_volume,1581.7
2022-12-19,Unit_Echo,leave_usage,38.2
2022-12-19,Unit_Echo,grievances,1.7
2022-12-19,Unit_Echo,workers_comp_claims,1.5
2022-12-19,Unit_Echo,attrition,4.3
2022-12-26,Unit_Echo,headcount,151.8
2022-12-26,Unit_Echo,workload_volume,1518.8
2022-12-26,Unit_Echo,leave_usage,39.6
2022-12-26,Unit_Echo,grievances,0.9
2022-12-26,Unit_Echo,workers_comp_claims,1.6
2022-12-26,Unit_Echo,attrition,4.7
2023-01-02,Unit_Echo,headcount,146.0
2023-01-02,Unit_Echo,workload_volume,1577.5
2023-01-02,Unit_Echo,leave_usage,38.3
2023-01-02,Unit_Echo,grievances,0.0
2023-01-02,Unit_Echo,workers_comp_claims,1.8
2023-01-02,Unit_Echo,attrition,4.5
2023-01-09,Unit_Echo,headcount,152.3
2023-01-09,Unit_Echo,workload_volume,1516.3
2023-01-09,Unit_Echo,leave_usage,37.4
2023-01-09,Unit_Echo,grievances,2.5
2023-01-09,Unit_Echo,workers_comp_claims,1.7
2023-01-09,Unit_Echo,attrition,4.6
2023-01-16,Unit_Echo,headcount,147.0
2023-01-16,Unit_Echo,workload_volume,1623.6
2023-01-16,Unit_Echo,leave_usage,41.0
2023-01-16,Unit_Echo,grievances,2.3
2023-01-16,Unit_Echo,workers_comp_claims,1.6
2023-01-16,Unit_Echo,attrition,4.1
2023-01-23,Unit_Echo,headcount,147.7
2023-01-23,Unit_Echo,workload_volume,1622.5
2023-01-23,Unit_Echo,leave_usage,39.0
2023-01-23,Unit_Echo,grievances,1.5
2023-01-23,Unit_Echo,workers_comp_claims,1.0
2023-01-23,Unit_Echo,attrition,5.2
2023-01-30,Unit_Echo,headcount,145.6
2023-01-30,Unit_Echo,workload_volume,1596.9
2023-01-30,Unit_Echo,leave_usage,38.5
2023-01-30,Unit_Echo,grievances,1.7
2023-01-30,Unit_Echo,workers_comp_claims,0.9
2023-01-30,Unit_Echo,attrition,3.8
2023-02-06,Unit_Echo,headcount,148.5
2023-02-06,Unit_Echo,workload_volume,1589.3
2023-02-06,Unit_Echo,leave_usage,35.8
2023-02-06,Unit_Echo,grievances,2.4
2023-02-06,Unit_Echo,workers_comp_claims,1.4
2023-02-06,Unit_Echo,attrition,4.8
2023-02-13,Unit_Echo,headcount,152.9
2023-02-13,Unit_Echo,workload_volume,1660.1
2023-02-13,Unit_Echo,leave_usage,35.8
2023-02-13,Unit_Echo,grievances,1.7
2023-02-13,Unit_Echo,workers_comp_claims,1.7
2023-02-13,Unit_Echo,attrition,5.2
2023-02-20,Unit_Echo,headcount,151.5
2023-02-20,Unit_Echo,workload_volume,1572.8
2023-02-20,Unit_Echo,leave_usage,38.1
2023-02-20,Unit_Echo,grievances,2.2
2023-02-20,Unit_Echo,workers_comp_claims,1.1
2023-02-20,Unit_Echo,attrition,4.8
2023-02-27,Unit_Echo,headcount,152.9
2023-02-27,Unit_Echo,workload_volume,1514.5
2023-02-27,Unit_Echo,leave_usage,37.9
2023-02-27,Unit_Echo,grievances,1.3
2023-02-27,Unit_Echo,workers_comp_claims,1.7
2023-02-27,Unit_Echo,attrition,4.4
2023-03-06,Unit_Echo,headcount,151.6
2023-03-06,Unit_Echo,workload_volume,1596.9
2023-03-06,Unit_Echo,leave_usage,36.8
2023-03-06,Unit_Echo,grievances,2.6
2023-03-06,Unit_Echo,workers_comp_claims,1.9
2023-03-06,Unit_Echo,attrition,4.2
2023-03-13,Unit_Echo,headcount,146.7
2023-03-13,Unit_Echo,workload_volume,1679.5
2023-03-13,Unit_Echo,leave_usage,38.0
2023-03-13,Unit_Echo,grievances,1.8
2023-03-13,Unit_Echo,workers_comp_claims,0.7
2023-03-13,Unit_Echo,attrition,5.1
2023-03-20,Unit_Echo,headcount,149.0
2023-03-20,Unit_Echo,workload_volume,1525.2
2023-03-20,Unit_Echo,leave_usage,40.2
2023-03-20,Unit_Echo,grievances,1.7
2023-03-20,Unit_Echo,workers_comp_claims,0.8
2023-03-20,Unit_Echo,attrition,3.7
2023-03-27,Unit_Echo,headcount,147.7
2023-03-27,Unit_Echo,workload_volume,1558.5
2023-03-27,Unit_Echo,leave_usage,38.8
2023-03-27,Unit_Echo,grievances,0.5
2023-03-27,Unit_Echo,workers_comp_claims,1.1
2023-03-27,Unit_Echo,attrition,3.9
2023-04-03,Unit_Echo,headcount,154.0
2023-04-03,Unit_Echo,workload_volume,1598.1
2023-04-03,Unit_Echo,leave_usage,36.1
2023-04-03,Unit_Echo,grievances,1.7
2023-04-03,Unit_Echo,workers_comp_claims,1.4
2023-04-03,Unit_Echo,attrition,4.3
2023-04-10,Unit_Echo,headcount,146.4
2023-04-10,Unit_Echo,workload_volume,1575.3
2023-04-10,Unit_Echo,leave_usage,37.6
2023-04-10,Unit_Echo,grievances,0.8
2023-04-10,Unit_Echo,workers_comp_claims,0.9
2023-04-10,Unit_Echo,attrition,5.3
2023-04-17,Unit_Echo,headcount,152.7
2023-04-17,Unit_Echo,workload_volume,1529.5
2023-04-17,Unit_Echo,leave_usage,36.6
2023-04-17,Unit_Echo,grievances,1.0
2023-04-17,Unit_Echo,workers_comp_claims,1.9
2023-04-17,Unit_Echo,attrition,4.7
2023-04-24,Unit_Echo,headcount,152.7
2023-04-24,Unit_Echo,workload_volume,1635.4
2023-04-24,Unit_Echo,leave_usage,37.3
2023-04-24,Unit_Echo,grievances,0.9
2023-04-24,Unit_Echo,workers_comp_claims,1.4
2023-04-24,Unit_Echo,attrition,3.9
2023-05-01,Unit_Echo,headcount,155.5
2023-05-01,Unit_Echo,workload_volume,1695.9
2023-05-01,Unit_Echo,leave_usage,37.2
2023-05-01,Unit_Echo,grievances,0.7
2023-05-01,Unit_Echo,workers_comp_claims,1.2
2023-05-01,Unit_Echo,attrition,4.3
2023-05-08,Unit_Echo,headcount,148.8
2023-05-08,Unit_Echo,workload_volume,1590.3
2023-05-08,Unit_Echo,leave_usage,37.2
2023-05-08,Unit_Echo,grievances,3.2
2023-05-08,Unit_Echo,workers_comp_claims,0.5
2023-05-08,Unit_Echo,attrition,4.1
2023-05-15,Unit_Echo,headcount,152.1
2023-05-15,Unit_Echo,workload_volume,1535.8
2023-05-15,Unit_Echo,leave_usage,36.0
2023-05-15,Unit_Echo,grievances,2.6
2023-05-15,Unit_Echo,workers_comp_claims,0.5
2023-05-15,Unit_Echo,attrition,4.1
2023-05-22,Unit_Echo,headcount,156.8
2023-05-22,Unit_Echo,workload_volume,1504.1
2023-05-22,Unit_Echo,leave_usage,37.7
2023-05-22,Unit_Echo,grievances,3.0
2023-05-22,Unit_Echo,workers_comp_claims,1.3
2023-05-22,Unit_Echo,attrition,5.1
2023-05-29,Unit_Echo,headcount,148.1
2023-05-29,Unit_Echo,workload_volume,1595.0
2023-05-29,Unit_Echo,leave_usage,37.1
2023-05-29,Unit_Echo,grievances,0.5
2023-05-29,Unit_Echo,workers_comp_claims,0.1
2023-05-29,Unit_Echo,attrition,3.7
2023-06-05,Unit_Echo,headcount,145.4
2023-06-05,Unit_Echo,workload_volume,1637.8
2023-06-05,Unit_Echo,leave_usage,33.5
2023-06-05,Unit_Echo,grievances,1.6
2023-06-05,Unit_Echo,workers_comp_claims,1.7
2023-06-05,Unit_Echo,attrition,5.5
2023-06-12,Unit_Echo,headcount,144.4
2023-06-12,Unit_Echo,workload_volume,1606.8
2023-06-12,Unit_Echo,leave_usage,41.0
2023-06-12,Unit_Echo,grievances,0.5
2023-06-12,Unit_Echo,workers_comp_claims,1.1
2023-06-12,Unit_Echo,attrition,5.0
2023-06-19,Unit_Echo,headcount,152.1
2023-06-19,Unit_Echo,workload_volume,1583.4
2023-06-19,Unit_Echo,leave_usage,39.6
2023-06-19,Unit_Echo,grievances,0.9
2023-06-19,Unit_Echo,workers_comp_claims,2.8
2023-06-19,Unit_Echo,attrition,5.2
2023-06-26,Unit_Echo,headcount,144.4
2023-06-26,Unit_Echo,workload_volume,1554.5
2023-06-26,Unit_Echo,leave_usage,37.4
2023-06-26,Unit_Echo,grievances,0.8
2023-06-26,Unit_Echo,workers_comp_claims,2.4
2023-06-26,Unit_Echo,attrition,4.2
2023-07-03,Unit_Echo,headcount,148.9
2023-07-03,Unit_Echo,workload_volume,1529.7
2023-07-03,Unit_Echo,leave_usage,38.0
2023-07-03,Unit_Echo,grievances,2.5
2023-07-03,Unit_Echo,workers_comp_claims,1.1
2023-07-03,Unit_Echo,attrition,4.4
2023-07-10,Unit_Echo,headcount,151.3
2023-07-10,Unit_Echo,workload_volume,1626.5
2023-07-10,Unit_Echo,leave_usage,36.2
2023-07-10,Unit_Echo,grievances,1.2
2023-07-10,Unit_Echo,workers_comp_claims,1.2
2023-07-10,Unit_Echo,attrition,3.6
2023-07-17,Unit_Echo,headcount,150.6
2023-07-17,Unit_Echo,workload_volume,1630.8
2023-07-17,Unit_Echo,leave_usage,40.5
2023-07-17,Unit_Echo,grievances,2.4
2023-07-17,Unit_Echo,workers_comp_claims,1.7
2023-07-17,Unit_Echo,attrition,4.2
2023-07-24,Unit_Echo,headcount,151.3
2023-07-24,Unit_Echo,workload_volume,1508.1
2023-07-24,Unit_Echo,leave_usage,40.8
2023-07-24,Unit_Echo,grievances,2.0
2023-07-24,Unit_Echo,workers_comp_claims,2.1
2023-07-24,Unit_Echo,attrition,4.8
2023-07-31,Unit_Echo,headcount,150.7
2023-07-31,Unit_Echo,workload_volume,1665.2
2023-07-31,Unit_Echo,leave_usage,38.2
2023-07-31,Unit_Echo,grievances,3.3
2023-07-31,Unit_Echo,workers_comp_claims,0.4
2023-07-31,Unit_Echo,attrition,5.3
2023-08-07,Unit_Echo,headcount,153.8
2023-08-07,Unit_Echo,workload_volume,1614.7
2023-08-07,Unit_Echo,leave_usage,39.5
2023-08-07,Unit_Echo,grievances,0.3
2023-08-07,Unit_Echo,workers_comp_claims,0.3
2023-08-07,Unit_Echo,attrition,3.8
2023-08-14,Unit_Echo,headcount,147.1
2023-08-14,Unit_Echo,workload_volume,1656.3
2023-08-14,Unit_Echo,leave_usage,38.3
2023-08-14,Unit_Echo,grievances,2.5
2023-08-14,Unit_Echo,workers_comp_claims,0.9
2023-08-14,Unit_Echo,attrition,4.3
2023-08-21,Unit_Echo,headcount,148.0
2023-08-21,Unit_Echo,workload_volume,1519.4
2023-08-21,Unit_Echo,leave_usage,36.0
2023-08-21,Unit_Echo,grievances,2.4
2023-08-21,Unit_Echo,workers_comp_claims,1.5
2023-08-21,Unit_Echo,attrition,4.4
2023-08-28,Unit_Echo,headcount,147.7
2023-08-28,Unit_Echo,workload_volume,1518.5
2023-08-28,Unit_Echo,leave_usage,37.4
2023-08-28,Unit_Echo,grievances,0.7
2023-08-28,Unit_Echo,workers_comp_claims,1.5
2023-08-28,Unit_Echo,attrition,3.7
2023-09-04,Unit_Echo,headcount,152.5
2023-09-04,Unit_Echo,workload_volume,1579.5
2023-09-04,Unit_Echo,leave_usage,38.2
2023-09-04,Unit_Echo,grievances,2.3
2023-09-04,Unit_Echo,workers_comp_claims,1.7
2023-09-04,Unit_Echo,attrition,4.9
2023-09-11,Unit_Echo,headcount,152.7
2023-09-11,Unit_Echo,workload_volume,1612.2
2023-09-11,Unit_Echo,leave_usage,37.3
2023-09-11,Unit_Echo,grievances,1.8
2023-09-11,Unit_Echo,workers_comp_claims,0.6
2023-09-11,Unit_Echo,attrition,4.1
2023-09-18,Unit_Echo,headcount,151.4
2023-09-18,Unit_Echo,workload_volume,1677.1
2023-09-18,Unit_Echo,leave_usage,37.7
2023-09-18,Unit_Echo,grievances,1.3
2023-09-18,Unit_Echo,workers_comp_claims,0.0
2023-09-18,Unit_Echo,attrition,4.4
2023-09-25,Unit_Echo,headcount,153.6
2023-09-25,Unit_Echo,workload_volume,1622.7
2023-09-25,Unit_Echo,leave_usage,37.9
2023-09-25,Unit_Echo,grievances,0.8
2023-09-25,Unit_Echo,workers_comp_claims,1.6
2023-09-25,Unit_Echo,attrition,4.2
2023-10-02,Unit_Echo,headcount,146.5
2023-10-02,Unit_Echo,workload_volume,1575.3
2023-10-02,Unit_Echo,leave_usage,37.9
2023-10-02,Unit_Echo,grievances,0.9
2023-10-02,Unit_Echo,workers_comp_claims,0.8
2023-10-02,Unit_Echo,attrition,4.0
2023-10-09,Unit_Echo,headcount,155.0
2023-10-09,Unit_Echo,workload_volume,1536.2
2023-10-09,Unit_Echo,leave_usage,38.1
2023-10-09,Unit_Echo,grievances,3.1
2023-10-09,Unit_Echo,workers_comp_claims,0.2
2023-10-09,Unit_Echo,attrition,4.5
2023-10-16,Unit_Echo,headcount,154.6
2023-10-16,Unit_Echo,workload_volume,1649.1
2023-10-16,Unit_Echo,leave_usage,36.4
2023-10-16,Unit_Echo,grievances,1.5
2023-10-16,Unit_Echo,workers_comp_claims,1.3
2023-10-16,Unit_Echo,attrition,4.4
2023-10-23,Unit_Echo,headcount,152.2
2023-10-23,Unit_Echo,workload_volume,1539.4
2023-10-23,Unit_Echo,leave_usage,36.9
2023-10-23,Unit_Echo,grievances,2.1
2023-10-23,Unit_Echo,workers_comp_claims,1.6
2023-10-23,Unit_Echo,attrition,4.3
2023-10-30,Unit_Echo,headcount,155.3
2023-10-30,Unit_Echo,workload_volume,1669.1
2023-10-30,Unit_Echo,leave_usage,36.1
2023-10-30,Unit_Echo,grievances,0.9
2023-10-30,Unit_Echo,workers_comp_claims,1.1
2023-10-30,Unit_Echo,attrition,4.1
2023-11-06,Unit_Echo,headcount,145.0
2023-11-06,Unit_Echo,workload_volume,1573.4
2023-11-06,Unit_Echo,leave_usage,39.5
2023-11-06,Unit_Echo,grievances,0.9
2023-11-06,Unit_Echo,workers_comp_claims,1.0
2023-11-06,Unit_Echo,attrition,4.7
2023-11-13,Unit_Echo,headcount,148.4
2023-11-13,Unit_Echo,workload_volume,1667.1
2023-11-13,Unit_Echo,leave_usage,34.8
2023-11-13,Unit_Echo,grievances,2.4
2023-11-13,Unit_Echo,workers_comp_claims,1.1
2023-11-13,Unit_Echo,attrition,5.5
2023-11-20,Unit_Echo,headcount,147.8
2023-11-20,Unit_Echo,workload_volume,1621.5
2023-11-20,Unit_Echo,leave_usage,39.7
2023-11-20,Unit_Echo,grievances,0.4
2023-11-20,Unit_Echo,workers_comp_claims,1.0
2023-11-20,Unit_Echo,attrition,4.6
2023-11-27,Unit_Echo,headcount,152.2
2023-11-27,Unit_Echo,workload_volume,1580.6
2023-11-27,Unit_Echo,leave_usage,40.1
2023-11-27,Unit_Echo,grievances,1.2
2023-11-27,Unit_Echo,workers_comp_claims,0.5
2023-11-27,Unit_Echo,attrition,5.1
2023-12-04,Unit_Echo,headcount,146.8
2023-12-04,Unit_Echo,workload_volume,1561.3
2023-12-04,Unit_Echo,leave_usage,37.5
2023-12-04,Unit_Echo,grievances,1.5
2023-12-04,Unit_Echo,workers_comp_claims,0.8
2023-12-04,Unit_Echo,attrition,3.7
2023-12-11,Unit_Echo,headcount,152.3
2023-12-11,Unit_Echo,workload_volume,1570.1
2023-12-11,Unit_Echo,leave_usage,34.1
2023-12-11,Unit_Echo,grievances,1.6
2023-12-11,Unit_Echo,workers_comp_claims,1.5
2023-12-11,Unit_Echo,attrition,4.6
2023-12-18,Unit_Echo,headcount,154.1
2023-12-18,Unit_Echo,workload_volume,1608.4
2023-12-18,Unit_Echo,leave_usage,37.4
2023-12-18,Unit_Echo,grievances,1.4
2023-12-18,Unit_Echo,workers_comp_claims,1.4
2023-12-18,Unit_Echo,attrition,3.9
2023-12-25,Unit_Echo,headcount,152.1
2023-12-25,Unit_Echo,workload_volume,1590.7
2023-12-25,Unit_Echo,leave_usage,37.9
2023-12-25,Unit_Echo,grievances,1.8
2023-12-25,Unit_Echo,workers_comp_claims,1.3
2023-12-25,Unit_Echo,attrition,3.6
2024-01-01,Unit_Echo,headcount,150.9
2024-01-01,Unit_Echo,workload_volume,1556.9
2024-01-01,Unit_Echo,leave_usage,36.4
2024-01-01,Unit_Echo,grievances,2.1
2024-01-01,Unit_Echo,workers_comp_claims,0.7
2024-01-01,Unit_Echo,attrition,4.1
2024-01-08,Unit_Echo,headcount,147.0
2024-01-08,Unit_Echo,workload_volume,1578.1
2024-01-08,Unit_Echo,leave_usage,37.2
2024-01-08,Unit_Echo,grievances,2.1
2024-01-08,Unit_Echo,workers_comp_claims,1.1
2024-01-08,Unit_Echo,attrition,5.2
2024-01-15,Unit_Echo,headcount,147.5
2024-01-15,Unit_Echo,workload_volume,1590.1
2024-01-15,Unit_Echo,leave_usage,40.2
2024-01-15,Unit_Echo,grievances,0.7
2024-01-15,Unit_Echo,workers_comp_claims,0.1
2024-01-15,Unit_Echo,attrition,5.1
2024-01-22,Unit_Echo,headcount,153.7
2024-01-22,Unit_Echo,workload_volume,1479.4
2024-01-22,Unit_Echo,leave_usage,38.9
2024-01-22,Unit_Echo,grievances,1.3
2024-01-22,Unit_Echo,workers_comp_claims,1.3
2024-01-22,Unit_Echo,attrition,4.7
2024-01-29,Unit_Echo,headcount,152.3
2024-01-29,Unit_Echo,workload_volume,1608.5
2024-01-29,Unit_Echo,leave_usage,36.5
2024-01-29,Unit_Echo,grievances,2.5
2024-01-29,Unit_Echo,workers_comp_claims,1.9
2024-01-29,Unit_Echo,attrition,3.6
2024-02-05,Unit_Echo,headcount,149.9
2024-02-05,Unit_Echo,workload_volume,1536.3
2024-02-05,Unit_Echo,leave_usage,35.5
2024-02-05,Unit_Echo,grievances,2.2
2024-02-05,Unit_Echo,workers_comp_claims,0.5
2024-02-05,Unit_Echo,attrition,4.4
2024-02-12,Unit_Echo,headcount,148.7
2024-02-12,Unit_Echo,workload_volume,1527.2
2024-02-12,Unit_Echo,leave_usage,37.4
2024-02-12,Unit_Echo,grievances,0.4
2024-02-12,Unit_Echo,workers_comp_claims,0.9
2024-02-12,Unit_Echo,attrition,4.7
2024-02-19,Unit_Echo,headcount,143.9
2024-02-19,Unit_Echo,workload_volume,1500.2
2024-02-19,Unit_Echo,leave_usage,37.6
2024-02-19,Unit_Echo,grievances,1.8
2024-02-19,Unit_Echo,workers_comp_claims,1.4
2024-02-19,Unit_Echo,attrition,4.6
2024-02-26,Unit_Echo,headcount,146.8
2024-02-26,Unit_Echo,workload_volume,1494.5
2024-02-26,Unit_Echo,leave_usage,38.6
2024-02-26,Unit_Echo,grievances,0.0
2024-02-26,Unit_Echo,workers_comp_claims,1.8
2024-02-26,Unit_Echo,attrition,3.4
2024-03-04,Unit_Echo,headcount,155.7
2024-03-04,Unit_Echo,workload_volume,1516.0
2024-03-04,Unit_Echo,leave_usage,37.1
2024-03-04,Unit_Echo,grievances,1.5
2024-03-04,Unit_Echo,workers_comp_claims,1.0
2024-03-04,Unit_Echo,attrition,4.0
2024-03-11,Unit_Echo,headcount,146.2
2024-03-11,Unit_Echo,workload_volume,1547.9
2024-03-11,Unit_Echo,leave_usage,38.6
2024-03-11,Unit_Echo,grievances,3.0
2024-03-11,Unit_Echo,workers_comp_claims,0.9
2024-03-11,Unit_Echo,attrition,4.5
2024-03-18,Unit_Echo,headcount,150.6
2024-03-18,Unit_Echo,workload_volume,1680.5
2024-03-18,Unit_Echo,leave_usage,40.7
2024-03-18,Unit_Echo,grievances,0.8
2024-03-18,Unit_Echo,workers_comp_claims,0.2
2024-03-18,Unit_Echo,attrition,4.8
2024-03-25,Unit_Echo,headcount,153.0
2024-03-25,Unit_Echo,workload_volume,1556.1
2024-03-25,Unit_Echo,leave_usage,39.0
2024-03-25,Unit_Echo,grievances,0.8
2024-03-25,Unit_Echo,workers_comp_claims,1.3
2024-03-25,Unit_Echo,attrition,3.2
2024-04-01,Unit_Echo,headcount,146.2
2024-04-01,Unit_Echo,workload_volume,1590.8
2024-04-01,Unit_Echo,leave_usage,37.7
2024-04-01,Unit_Echo,grievances,2.1
2024-04-01,Unit_Echo,workers_comp_claims,2.2
2024-04-01,Unit_Echo,attrition,4.4
2024-04-08,Unit_Echo,headcount,150.6
2024-04-08,Unit_Echo,workload_volume,1601.4
2024-04-08,Unit_Echo,leave_usage,37.5
2024-04-08,Unit_Echo,grievances,0.3
2024-04-08,Unit_Echo,workers_comp_claims,1.3
2024-04-08,Unit_Echo,attrition,4.6
2024-04-15,Unit_Echo,headcount,152.8
2024-04-15,Unit_Echo,workload_volume,1587.4
2024-04-15,Unit_Echo,leave_usage,37.2
2024-04-15,Unit_Echo,grievances,1.0
2024-04-15,Unit_Echo,workers_comp_claims,1.2
2024-04-15,Unit_Echo,attrition,5.0
2024-04-22,Unit_Echo,headcount,150.0
2024-04-22,Unit_Echo,workload_volume,1576.4
2024-04-22,Unit_Echo,leave_usage,39.5
2024-04-22,Unit_Echo,grievances,2.0
2024-04-22,Unit_Echo,workers_comp_claims,1.4
2024-04-22,Unit_Echo,attrition,4.9
2024-04-29,Unit_Echo,headcount,158.6
2024-04-29,Unit_Echo,workload_volume,1519.9
2024-04-29,Unit_Echo,leave_usage,36.8
2024-04-29,Unit_Echo,grievances,1.0
2024-04-29,Unit_Echo,workers_comp_claims,1.2
2024-04-29,Unit_Echo,attrition,4.9
2024-05-06,Unit_Echo,headcount,145.0
2024-05-06,Unit_Echo,workload_volume,1651.6
2024-05-06,Unit_Echo,leave_usage,37.8
2024-05-06,Unit_Echo,grievances,1.3
2024-05-06,Unit_Echo,workers_comp_claims,0.8
2024-05-06,Unit_Echo,attrition,4.0
2024-05-13,Unit_Echo,headcount,153.2
2024-05-13,Unit_Echo,workload_volume,1668.8
2024-05-13,Unit_Echo,leave_usage,37.8
2024-05-13,Unit_Echo,grievances,2.1
2024-05-13,Unit_Echo,workers_comp_claims,1.6
2024-05-13,Unit_Echo,attrition,3.4
2024-05-20,Unit_Echo,headcount,149.5
2024-05-20,Unit_Echo,workload_volume,1493.7
2024-05-20,Unit_Echo,leave_usage,36.9
2024-05-20,Unit_Echo,grievances,1.8
2024-05-20,Unit_Echo,workers_comp_claims,1.3
2024-05-20,Unit_Echo,attrition,4.3
2024-05-27,Unit_Echo,headcount,152.3
2024-05-27,Unit_Echo,workload_volume,1525.9
2024-05-27,Unit_Echo,leave_usage,35.6
2024-05-27,Unit_Echo,grievances,1.7
2024-05-27,Unit_Echo,workers_comp_claims,1.2
2024-05-27,Unit_Echo,attrition,5.1
2024-06-03,Unit_Echo,headcount,151.3
2024-06-03,Unit_Echo,workload_volume,1562.5
2024-06-03,Unit_Echo,leave_usage,38.1
2024-06-03,Unit_Echo,grievances,1.2
2024-06-03,Unit_Echo,workers_comp_claims,0.7
2024-06-03,Unit_Echo,attrition,5.4
2024-06-10,Unit_Echo,headcount,147.8
2024-06-10,Unit_Echo,workload_volume,1527.5
2024-06-10,Unit_Echo,leave_usage,37.5
2024-06-10,Unit_Echo,grievances,1.8
2024-06-10,Unit_Echo,workers_comp_claims,1.9
2024-06-10,Unit_Echo,attrition,4.9
2024-06-17,Unit_Echo,headcount,150.7
2024-06-17,Unit_Echo,workload_volume,1600.3
2024-06-17,Unit_Echo,leave_usage,38.4
2024-06-17,Unit_Echo,grievances,1.4
2024-06-17,Unit_Echo,workers_comp_claims,1.5
2024-06-17,Unit_Echo,attrition,4.8
2024-06-24,Unit_Echo,headcount,144.4
2024-06-24,Unit_Echo,workload_volume,1537.9
2024-06-24,Unit_Echo,leave_usage,36.8
2024-06-24,Unit_Echo,grievances,1.9
2024-06-24,Unit_Echo,workers_comp_claims,0.9
2024-06-24,Unit_Echo,attrition,4.7
2022-01-03,Unit_Foxtrot,headcount,93.9
2022-01-03,Unit_Foxtrot,workload_volume,443.1
2022-01-03,Unit_Foxtrot,leave_usage,6.1
2022-01-03,Unit_Foxtrot,grievances,0.8
2022-01-03,Unit_Foxtrot,workers_comp_claims,1.0
2022-01-03,Unit_Foxtrot,attrition,2.0
2022-01-10,Unit_Foxtrot,headcount,94.8
2022-01-10,Unit_Foxtrot,workload_volume,330.6
2022-01-10,Unit_Foxtrot,leave_usage,6.8
2022-01-10,Unit_Foxtrot,grievances,0.1
2022-01-10,Unit_Foxtrot,workers_comp_claims,0.0
2022-01-10,Unit_Foxtrot,attrition,1.7
2022-01-17,Unit_Foxtrot,headcount,98.2
2022-01-17,Unit_Foxtrot,workload_volume,345.2
2022-01-17,Unit_Foxtrot,leave_usage,5.7
2022-01-17,Unit_Foxtrot,grievances,0.0
2022-01-17,Unit_Foxtrot,workers_comp_claims,0.9
2022-01-17,Unit_Foxtrot,attrition,1.7
2022-01-24,Unit_Foxtrot,headcount,93.2
2022-01-24,Unit_Foxtrot,workload_volume,262.2
2022-01-24,Unit_Foxtrot,leave_usage,3.4
2022-01-24,Unit_Foxtrot,grievances,0.2
2022-01-24,Unit_Foxtrot,workers_comp_claims,0.8
2022-01-24,Unit_Foxtrot,attrition,0.6
2022-01-31,Unit_Foxtrot,headcount,98.1
2022-01-31,Unit_Foxtrot,workload_volume,365.1
2022-01-31,Unit_Foxtrot,leave_usage,5.6
2022-01-31,Unit_Foxtrot,grievances,1.4
2022-01-31,Unit_Foxtrot,workers_comp_claims,0.0
2022-01-31,Unit_Foxtrot,attrition,1.2
2022-02-07,Unit_Foxtrot,headcount,94.4
2022-02-07,Unit_Foxtrot,workload_volume,454.8
2022-02-07,Unit_Foxtrot,leave_usage,7.4
2022-02-07,Unit_Foxtrot,grievances,0.0
2022-02-07,Unit_Foxtrot,workers_comp_claims,0.0
2022-02-07,Unit_Foxtrot,attrition,1.0
2022-02-14,Unit_Foxtrot,headcount,97.5
2022-02-14,Unit_Foxtrot,workload_volume,434.2
2022-02-14,Unit_Foxtrot,leave_usage,5.8
2022-02-14,Unit_Foxtrot,grievances,0.0
2022-02-14,Unit_Foxtrot,workers_comp_claims,0.5
2022-02-14,Unit_Foxtrot,attrition,0.6
2022-02-21,Unit_Foxtrot,headcount,92.3
2022-02-21,Unit_Foxtrot,workload_volume,398.7
2022-02-21,Unit_Foxtrot,leave_usage,6.0
2022-02-21,Unit_Foxtrot,grievances,0.5
2022-02-21,Unit_Foxtrot,workers_comp_claims,0.0
2022-02-21,Unit_Foxtrot,attrition,1.4
2022-02-28,Unit_Foxtrot,headcount,96.1
2022-02-28,Unit_Foxtrot,workload_volume,410.0
2022-02-28,Unit_Foxtrot,leave_usage,7.8
2022-02-28,Unit_Foxtrot,grievances,0.0
2022-02-28,Unit_Foxtrot,workers_comp_claims,0.4
2022-02-28,Unit_Foxtrot,attrition,0.9
2022-03-07,Unit_Foxtrot,headcount,93.6
2022-03-07,Unit_Foxtrot,workload_volume,378.1
2022-03-07,Unit_Foxtrot,leave_usage,5.3
2022-03-07,Unit_Foxtrot,grievances,0.0
2022-03-07,Unit_Foxtrot,workers_comp_claims,0.1
2022-03-07,Unit_Foxtrot,attrition,1.6
2022-03-14,Unit_Foxtrot,headcount,92.3
2022-03-14,Unit_Foxtrot,workload_volume,424.2
2022-03-14,Unit_Foxtrot,leave_usage,4.1
2022-03-14,Unit_Foxtrot,grievances,0.1
2022-03-14,Unit_Foxtrot,workers_comp_claims,0.0
2022-03-14,Unit_Foxtrot,attrition,0.6
2022-03-21,Unit_Foxtrot,headcount,95.4
2022-03-21,Unit_Foxtrot,workload_volume,453.6
2022-03-21,Unit_Foxtrot,leave_usage,6.2
2022-03-21,Unit_Foxtrot,grievances,0.0
2022-03-21,Unit_Foxtrot,workers_comp_claims,0.0
2022-03-21,Unit_Foxtrot,attrition,2.2
2022-03-28,Unit_Foxtrot,headcount,96.9
2022-03-28,Unit_Foxtrot,workload_volume,335.9
2022-03-28,Unit_Foxtrot,leave_usage,5.8
2022-03-28,Unit_Foxtrot,grievances,0.0
2022-03-28,Unit_Foxtrot,workers_comp_claims,0.4
2022-03-28,Unit_Foxtrot,attrition,0.7
2022-04-04,Unit_Foxtrot,headcount,93.4
2022-04-04,Unit_Foxtrot,workload_volume,433.0
2022-04-04,Unit_Foxtrot,leave_usage,5.1
2022-04-04,Unit_Foxtrot,grievances,1.0
2022-04-04,Unit_Foxtrot,workers_comp_claims,0.0
2022-04-04,Unit_Foxtrot,attrition,1.3
2022-04-11,Unit_Foxtrot,headcount,92.2
2022-04-11,Unit_Foxtrot,workload_volume,466.0
2022-04-11,Unit_Foxtrot,leave_usage,6.3
2022-04-11,Unit_Foxtrot,grievances,0.0
2022-04-11,Unit_Foxtrot,workers_comp_claims,0.0
2022-04-11,Unit_Foxtrot,attrition,1.7
2022-04-18,Unit_Foxtrot,headcount,94.8
2022-04-18,Unit_Foxtrot,workload_volume,400.0
2022-04-18,Unit_Foxtrot,leave_usage,7.3
2022-04-18,Unit_Foxtrot,grievances,0.0
2022-04-18,Unit_Foxtrot,workers_comp_claims,0.7
2022-04-18,Unit_Foxtrot,attrition,0.9
2022-04-25,Unit_Foxtrot,headcount,94.8
2022-04-25,Unit_Foxtrot,workload_volume,457.1
2022-04-25,Unit_Foxtrot,leave_usage,6.6
2022-04-25,Unit_Foxtrot,grievances,0.0
2022-04-25,Unit_Foxtrot,workers_comp_claims,0.9
2022-04-25,Unit_Foxtrot,attrition,1.7
2022-05-02,Unit_Foxtrot,headcount,96.0
2022-05-02,Unit_Foxtrot,workload_volume,564.2
2022-05-02,Unit_Foxtrot,leave_usage,7.1
2022-05-02,Unit_Foxtrot,grievances,1.0
2022-05-02,Unit_Foxtrot,workers_comp_claims,0.2
2022-05-02,Unit_Foxtrot,attrition,0.5
2022-05-09,Unit_Foxtrot,headcount,96.8
2022-05-09,Unit_Foxtrot,workload_volume,419.6
2022-05-09,Unit_Foxtrot,leave_usage,9.4
2022-05-09,Unit_Foxtrot,grievances,0.2
2022-05-09,Unit_Foxtrot,workers_comp_claims,0.2
2022-05-09,Unit_Foxtrot,attrition,2.1
2022-05-16,Unit_Foxtrot,headcount,94.9
2022-05-16,Unit_Foxtrot,workload_volume,445.8
2022-05-16,Unit_Foxtrot,leave_usage,6.2
2022-05-16,Unit_Foxtrot,grievances,0.0
2022-05-16,Unit_Foxtrot,workers_comp_claims,0.6
2022-05-16,Unit_Foxtrot,attrition,1.2
2022-05-23,Unit_Foxtrot,headcount,98.5
2022-05-23,Unit_Foxtrot,workload_volume,390.5
2022-05-23,Unit_Foxtrot,leave_usage,7.2
2022-05-23,Unit_Foxtrot,grievances,0.4
2022-05-23,Unit_Foxtrot,workers_comp_claims,0.0
2022-05-23,Unit_Foxtrot,attrition,0.8
2022-05-30,Unit_Foxtrot,headcount,95.4
2022-05-30,Unit_Foxtrot,workload_volume,437.8
2022-05-30,Unit_Foxtrot,leave_usage,6.0
2022-05-30,Unit_Foxtrot,grievances,0.0
2022-05-30,Unit_Foxtrot,workers_comp_claims,0.4
2022-05-30,Unit_Foxtrot,attrition,1.0
2022-06-06,Unit_Foxtrot,headcount,94.3
2022-06-06,Unit_Foxtrot,workload_volume,453.1
2022-06-06,Unit_Foxtrot,leave_usage,5.6
2022-06-06,Unit_Foxtrot,grievances,0.8
2022-06-06,Unit_Foxtrot,workers_comp_claims,0.6
2022-06-06,Unit_Foxtrot,attrition,1.7
2022-06-13,Unit_Foxtrot,headcount,91.9
2022-06-13,Unit_Foxtrot,workload_volume,441.1
2022-06-13,Unit_Foxtrot,leave_usage,6.0
2022-06-13,Unit_Foxtrot,grievances,0.7
2022-06-13,Unit_Foxtrot,workers_comp_claims,0.7
2022-06-13,Unit_Foxtrot,attrition,0.9
2022-06-20,Unit_Foxtrot,headcount,94.5
2022-06-20,Unit_Foxtrot,workload_volume,381.7
2022-06-20,Unit_Foxtrot,leave_usage,6.2
2022-06-20,Unit_Foxtrot,grievances,0.1
2022-06-20,Unit_Foxtrot,workers_comp_claims,0.0
2022-06-20,Unit_Foxtrot,attrition,0.8
2022-06-27,Unit_Foxtrot,headcount,94.4
2022-06-27,Unit_Foxtrot,workload_volume,444.2
2022-06-27,Unit_Foxtrot,leave_usage,7.5
2022-06-27,Unit_Foxtrot,grievances,1.2
2022-06-27,Unit_Foxtrot,workers_comp_claims,0.0
2022-06-27,Unit_Foxtrot,attrition,1.1
2022-07-04,Unit_Foxtrot,headcount,96.8
2022-07-04,Unit_Foxtrot,workload_volume,508.3
2022-07-04,Unit_Foxtrot,leave_usage,10.5
2022-07-04,Unit_Foxtrot,grievances,0.0
2022-07-04,Unit_Foxtrot,workers_comp_claims,0.0
2022-07-04,Unit_Foxtrot,attrition,0.5
2022-07-11,Unit_Foxtrot,headcount,95.9
2022-07-11,Unit_Foxtrot,workload_volume,458.9
2022-07-11,Unit_Foxtrot,leave_usage,5.9
2022-07-11,Unit_Foxtrot,grievances,1.3
2022-07-11,Unit_Foxtrot,workers_comp_claims,0.4
2022-07-11,Unit_Foxtrot,attrition,2.3
2022-07-18,Unit_Foxtrot,headcount,92.8
2022-07-18,Unit_Foxtrot,workload_volume,485.8
2022-07-18,Unit_Foxtrot,leave_usage,6.4
2022-07-18,Unit_Foxtrot,grievances,0.5
2022-07-18,Unit_Foxtrot,workers_comp_claims,0.6
2022-07-18,Unit_Foxtrot,attrition,0.9
2022-07-25,Unit_Foxtrot,headcount,95.3
2022-07-25,Unit_Foxtrot,workload_volume,427.1
2022-07-25,Unit_Foxtrot,leave_usage,6.9
2022-07-25,Unit_Foxtrot,grievances,0.1
2022-07-25,Unit_Foxtrot,workers_comp_claims,1.1
2022-07-25,Unit_Foxtrot,attrition,1.7
2022-08-01,Unit_Foxtrot,headcount,96.3
2022-08-01,Unit_Foxtrot,workload_volume,477.7
2022-08-01,Unit_Foxtrot,leave_usage,7.7
2022-08-01,Unit_Foxtrot,grievances,0.4
2022-08-01,Unit_Foxtrot,workers_comp_claims,0.1
2022-08-01,Unit_Foxtrot,attrition,1.3
2022-08-08,Unit_Foxtrot,headcount,97.9
2022-08-08,Unit_Foxtrot,workload_volume,455.3
2022-08-08,Unit_Foxtrot,leave_usage,7.5
2022-08-08,Unit_Foxtrot,grievances,0.3
2022-08-08,Unit_Foxtrot,workers_comp_claims,0.1
2022-08-08,Unit_Foxtrot,attrition,0.6
2022-08-15,Unit_Foxtrot,headcount,96.7
2022-08-15,Unit_Foxtrot,workload_volume,395.0
2022-08-15,Unit_Foxtrot,leave_usage,9.1
2022-08-15,Unit_Foxtrot,grievances,1.4
2022-08-15,Unit_Foxtrot,workers_comp_claims,0.9
2022-08-15,Unit_Foxtrot,attrition,1.2
2022-08-22,Unit_Foxtrot,headcount,96.4
2022-08-22,Unit_Foxtrot,workload_volume,459.7
2022-08-22,Unit_Foxtrot,leave_usage,3.5
2022-08-22,Unit_Foxtrot,grievances,0.0
2022-08-22,Unit_Foxtrot,workers_comp_claims,0.5
2022-08-22,Unit_Foxtrot,attrition,1.7
2022-08-29,Unit_Foxtrot,headcount,95.1
2022-08-29,Unit_Foxtrot,workload_volume,395.4
2022-08-29,Unit_Foxtrot,leave_usage,3.6
2022-08-29,Unit_Foxtrot,grievances,0.0
2022-08-29,Unit_Foxtrot,workers_comp_claims,1.0
2022-08-29,Unit_Foxtrot,attrition,1.1
2022-09-05,Unit_Foxtrot,headcount,95.7
2022-09-05,Unit_Foxtrot,workload_volume,414.5
2022-09-05,Unit_Foxtrot,leave_usage,6.5
2022-09-05,Unit_Foxtrot,grievances,1.2
2022-09-05,Unit_Foxtrot,workers_comp_claims,0.5
2022-09-05,Unit_Foxtrot,attrition,1.9
2022-09-12,Unit_Foxtrot,headcount,97.4
2022-09-12,Unit_Foxtrot,workload_volume,456.7
2022-09-12,Unit_Foxtrot,leave_usage,8.9
2022-09-12,Unit_Foxtrot,grievances,0.0
2022-09-12,Unit_Foxtrot,workers_comp_claims,0.0
2022-09-12,Unit_Foxtrot,attrition,1.8
2022-09-19,Unit_Foxtrot,headcount,92.5
2022-09-19,Unit_Foxtrot,workload_volume,463.3
2022-09-19,Unit_Foxtrot,leave_usage,4.9
2022-09-19,Unit_Foxtrot,grievances,1.1
2022-09-19,Unit_Foxtrot,workers_comp_claims,0.0
2022-09-19,Unit_Foxtrot,attrition,1.8
2022-09-26,Unit_Foxtrot,headcount,94.3
2022-09-26,Unit_Foxtrot,workload_volume,390.0
2022-09-26,Unit_Foxtrot,leave_usage,2.8
2022-09-26,Unit_Foxtrot,grievances,1.8
2022-09-26,Unit_Foxtrot,workers_comp_claims,0.0
2022-09-26,Unit_Foxtrot,attrition,0.9
2022-10-03,Unit_Foxtrot,headcount,93.5
2022-10-03,Unit_Foxtrot,workload_volume,503.3
2022-10-03,Unit_Foxtrot,leave_usage,8.2
2022-10-03,Unit_Foxtrot,grievances,0.1
2022-10-03,Unit_Foxtrot,workers_comp_claims,0.7
2022-10-03,Unit_Foxtrot,attrition,0.6
2022-10-10,Unit_Foxtrot,headcount,95.7
2022-10-10,Unit_Foxtrot,workload_volume,480.3
2022-10-10,Unit_Foxtrot,leave_usage,7.7
2022-10-10,Unit_Foxtrot,grievances,0.9
2022-10-10,Unit_Foxtrot,workers_comp_claims,0.9
2022-10-10,Unit_Foxtrot,attrition,0.8
2022-10-17,Unit_Foxtrot,headcount,97.3
2022-10-17,Unit_Foxtrot,workload_volume,417.6
2022-10-17,Unit_Foxtrot,leave_usage,5.7
2022-10-17,Unit_Foxtrot,grievances,0.0
2022-10-17,Unit_Foxtrot,workers_comp_claims,1.2
2022-10-17,Unit_Foxtrot,attrition,1.3
2022-10-24,Unit_Foxtrot,headcount,93.9
2022-10-24,Unit_Foxtrot,workload_volume,377.0
2022-10-24,Unit_Foxtrot,leave_usage,5.9
2022-10-24,Unit_Foxtrot,grievances,1.0
2022-10-24,Unit_Foxtrot,workers_comp_claims,0.7
2022-10-24,Unit_Foxtrot,attrition,1.5
2022-10-31,Unit_Foxtrot,headcount,90.5
2022-10-31,Unit_Foxtrot,workload_volume,447.7
2022-10-31,Unit_Foxtrot,leave_usage,6.0
2022-10-31,Unit_Foxtrot,grievances,0.6
2022-10-31,Unit_Foxtrot,workers_comp_claims,0.9
2022-10-31,Unit_Foxtrot,attrition,0.0
2022-11-07,Unit_Foxtrot,headcount,94.2
2022-11-07,Unit_Foxtrot,workload_volume,433.6
2022-11-07,Unit_Foxtrot,leave_usage,7.6
2022-11-07,Unit_Foxtrot,grievances,0.8
2022-11-07,Unit_Foxtrot,workers_comp_claims,0.0
2022-11-07,Unit_Foxtrot,attrition,1.2
2022-11-14,Unit_Foxtrot,headcount,96.7
2022-11-14,Unit_Foxtrot,workload_volume,462.6
2022-11-14,Unit_Foxtrot,leave_usage,6.5
2022-11-14,Unit_Foxtrot,grievances,0.0
2022-11-14,Unit_Foxtrot,workers_comp_claims,0.0
2022-11-14,Unit_Foxtrot,attrition,1.3
2022-11-21,Unit_Foxtrot,headcount,96.0
2022-11-21,Unit_Foxtrot,workload_volume,439.8
2022-11-21,Unit_Foxtrot,leave_usage,8.2
2022-11-21,Unit_Foxtrot,grievances,0.0
2022-11-21,Unit_Foxtrot,workers_comp_claims,0.7
2022-11-21,Unit_Foxtrot,attrition,1.0
2022-11-28,Unit_Foxtrot,headcount,95.8
2022-11-28,Unit_Foxtrot,workload_volume,358.5
2022-11-28,Unit_Foxtrot,leave_usage,3.2
2022-11-28,Unit_Foxtrot,grievances,0.8
2022-11-28,Unit_Foxtrot,workers_comp_claims,0.5
2022-11-28,Unit_Foxtrot,attrition,2.0
2022-12-05,Unit_Foxtrot,headcount,94.5
2022-12-05,Unit_Foxtrot,workload_volume,440.5
2022-12-05,Unit_Foxtrot,leave_usage,6.3
2022-12-05,Unit_Foxtrot,grievances,0.0
2022-12-05,Unit_Foxtrot,workers_comp_claims,0.4
2022-12-05,Unit_Foxtrot,attrition,1.5
2022-12-12,Unit_Foxtrot,headcount,92.6
2022-12-12,Unit_Foxtrot,workload_volume,445.6
2022-12-12,Unit_Foxtrot,leave_usage,5.9
2022-12-12,Unit_Foxtrot,grievances,0.1
2022-12-12,Unit_Foxtrot,workers_comp_claims,0.5
2022-12-12,Unit_Foxtrot,attrition,2.0
2022-12-19,Unit_Foxtrot,headcount,96.0
2022-12-19,Unit_Foxtrot,workload_volume,493.4
2022-12-19,Unit_Foxtrot,leave_usage,7.2
2022-12-19,Unit_Foxtrot,grievances,1.2
2022-12-19,Unit_Foxtrot,workers_comp_claims,0.5
2022-12-19,Unit_Foxtrot,attrition,1.1
2022-12-26,Unit_Foxtrot,headcount,93.4
2022-12-26,Unit_Foxtrot,workload_volume,427.8
2022-12-26,Unit_Foxtrot,leave_usage,6.8
2022-12-26,Unit_Foxtrot,grievances,0.6
2022-12-26,Unit_Foxtrot,workers_comp_claims,1.0
2022-12-26,Unit_Foxtrot,attrition,1.8
2023-01-02,Unit_Foxtrot,headcount,99.1
2023-01-02,Unit_Foxtrot,workload_volume,547.5
2023-01-02,Unit_Foxtrot,leave_usage,8.8
2023-01-02,Unit_Foxtrot,grievances,2.0
2023-01-02,Unit_Foxtrot,workers_comp_claims,1.0
2023-01-02,Unit_Foxtrot,attrition,2.2
2023-01-09,Unit_Foxtrot,headcount,96.1
2023-01-09,Unit_Foxtrot,workload_volume,368.9
2023-01-09,Unit_Foxtrot,leave_usage,4.9
2023-01-09,Unit_Foxtrot,grievances,1.2
2023-01-09,Unit_Foxtrot,workers_comp_claims,0.6
2023-01-09,Unit_Foxtrot,attrition,2.0
2023-01-16,Unit_Foxtrot,headcount,93.9
2023-01-16,Unit_Foxtrot,workload_volume,530.9
2023-01-16,Unit_Foxtrot,leave_usage,7.8
2023-01-16,Unit_Foxtrot,grievances,0.0
2023-01-16,Unit_Foxtrot,workers_comp_claims,0.7
2023-01-16,Unit_Foxtrot,attrition,0.5
2023-01-23,Unit_Foxtrot,headcount,93.8
2023-01-23,Unit_Foxtrot,workload_volume,454.9
2023-01-23,Unit_Foxtrot,leave_usage,8.5
2023-01-23,Unit_Foxtrot,grievances,0.4
2023-01-23,Unit_Foxtrot,workers_comp_claims,0.6
2023-01-23,Unit_Foxtrot,attrition,1.0
2023-01-30,Unit_Foxtrot,headcount,94.8
2023-01-30,Unit_Foxtrot,workload_volume,509.9
2023-01-30,Unit_Foxtrot,leave_usage,10.5
2023-01-30,Unit_Foxtrot,grievances,0.4
2023-01-30,Unit_Foxtrot,workers_comp_claims,0.1
2023-01-30,Unit_Foxtrot,attrition,1.0
2023-02-06,Unit_Foxtrot,headcount,94.5
2023-02-06,Unit_Foxtrot,workload_volume,471.7
2023-02-06,Unit_Foxtrot,leave_usage,7.0
2023-02-06,Unit_Foxtrot,grievances,0.0
2023-02-06,Unit_Foxtrot,workers_comp_claims,0.7
2023-02-06,Unit_Foxtrot,attrition,1.5
2023-02-13,Unit_Foxtrot,headcount,97.1
2023-02-13,Unit_Foxtrot,workload_volume,525.5
2023-02-13,Unit_Foxtrot,leave_usage,8.2
2023-02-13,Unit_Foxtrot,grievances,0.0
2023-02-13,Unit_Foxtrot,workers_comp_claims,0.0
2023-02-13,Unit_Foxtrot,attrition,1.6
2023-02-20,Unit_Foxtrot,headcount,95.4
2023-02-20,Unit_Foxtrot,workload_volume,449.9
2023-02-20,Unit_Foxtrot,leave_usage,5.1
2023-02-20,Unit_Foxtrot,grievances,0.0
2023-02-20,Unit_Foxtrot,workers_comp_claims,0.8
2023-02-20,Unit_Foxtrot,attrition,0.7
2023-02-27,Unit_Foxtrot,headcount,93.6
2023-02-27,Unit_Foxtrot,workload_volume,415.1
2023-02-27,Unit_Foxtrot,leave_usage,4.2
2023-02-27,Unit_Foxtrot,grievances,0.0
2023-02-27,Unit_Foxtrot,workers_comp_claims,0.0
2023-02-27,Unit_Foxtrot,attrition,1.2
2023-03-06,Unit_Foxtrot,headcount,98.6
2023-03-06,Unit_Foxtrot,workload_volume,541.8
2023-03-06,Unit_Foxtrot,leave_usage,9.1
2023-03-06,Unit_Foxtrot,grievances,0.4
2023-03-06,Unit_Foxtrot,workers_comp_claims,0.5
2023-03-06,Unit_Foxtrot,attrition,0.0
2023-03-13,Unit_Foxtrot,headcount,95.1
2023-03-13,Unit_Foxtrot,workload_volume,465.8
2023-03-13,Unit_Foxtrot,leave_usage,7.8
2023-03-13,Unit_Foxtrot,grievances,0.2
2023-03-13,Unit_Foxtrot,workers_comp_claims,0.0
2023-03-13,Unit_Foxtrot,attrition,2.1
2023-03-20,Unit_Foxtrot,headcount,96.5
2023-03-20,Unit_Foxtrot,workload_volume,483.2
2023-03-20,Unit_Foxtrot,leave_usage,9.6
2023-03-20,Unit_Foxtrot,grievances,0.0
2023-03-20,Unit_Foxtrot,workers_comp_claims,0.6
2023-03-20,Unit_Foxtrot,attrition,0.9
2023-03-27,Unit_Foxtrot,headcount,93.8
2023-03-27,Unit_Foxtrot,workload_volume,534.5
2023-03-27,Unit_Foxtrot,leave_usage,5.8
2023-03-27,Unit_Foxtrot,grievances,0.7
2023-03-27,Unit_Foxtrot,workers_comp_claims,0.3
2023-03-27,Unit_Foxtrot,attrition,1.2
2023-04-03,Unit_Foxtrot,headcount,95.7
2023-04-03,Unit_Foxtrot,workload_volume,421.8
2023-04-03,Unit_Foxtrot,leave_usage,8.7
2023-04-03,Unit_Foxtrot,grievances,1.0
2023-04-03,Unit_Foxtrot,workers_comp_claims,0.0
2023-04-03,Unit_Foxtrot,attrition,1.0
2023-04-10,Unit_Foxtrot,headcount,95.6
2023-04-10,Unit_Foxtrot,workload_volume,503.8
2023-04-10,Unit_Foxtrot,leave_usage,10.7
2023-04-10,Unit_Foxtrot,grievances,0.6
2023-04-10,Unit_Foxtrot,workers_comp_claims,0.5
2023-04-10,Unit_Foxtrot,attrition,1.9
2023-04-17,Unit_Foxtrot,headcount,91.4
2023-04-17,Unit_Foxtrot,workload_volume,445.1
2023-04-17,Unit_Foxtrot,leave_usage,8.5
2023-04-17,Unit_Foxtrot,grievances,0.1
2023-04-17,Unit_Foxtrot,workers_comp_claims,0.0
2023-04-17,Unit_Foxtrot,attrition,0.0
2023-04-24,Unit_Foxtrot,headcount,98.8
2023-04-24,Unit_Foxtrot,workload_volume,468.6
2023-04-24,Unit_Foxtrot,leave_usage,8.3
2023-04-24,Unit_Foxtrot,grievances,0.9
2023-04-24,Unit_Foxtrot,workers_comp_claims,0.8
2023-04-24,Unit_Foxtrot,attrition,1.2
2023-05-01,Unit_Foxtrot,headcount,97.5
2023-05-01,Unit_Foxtrot,workload_volume,479.3
2023-05-01,Unit_Foxtrot,leave_usage,7.9
2023-05-01,Unit_Foxtrot,grievances,0.9
2023-05-01,Unit_Foxtrot,workers_comp_claims,0.3
2023-05-01,Unit_Foxtrot,attrition,1.1
2023-05-08,Unit_Foxtrot,headcount,94.2
2023-05-08,Unit_Foxtrot,workload_volume,401.2
2023-05-08,Unit_Foxtrot,leave_usage,5.6
2023-05-08,Unit_Foxtrot,grievances,0.6
2023-05-08,Unit_Foxtrot,workers_comp_claims,0.5
2023-05-08,Unit_Foxtrot,attrition,0.9
2023-05-15,Unit_Foxtrot,headcount,92.9
2023-05-15,Unit_Foxtrot,workload_volume,437.8
2023-05-15,Unit_Foxtrot,leave_usage,10.0
2023-05-15,Unit_Foxtrot,grievances,0.0
2023-05-15,Unit_Foxtrot,workers_comp_claims,0.0
2023-05-15,Unit_Foxtrot,attrition,2.2
2023-05-22,Unit_Foxtrot,headcount,95.7
2023-05-22,Unit_Foxtrot,workload_volume,544.8
2023-05-22,Unit_Foxtrot,leave_usage,7.1
2023-05-22,Unit_Foxtrot,grievances,0.6
2023-05-22,Unit_Foxtrot,workers_comp_claims,0.0
2023-05-22,Unit_Foxtrot,attrition,0.7
2023-05-29,Unit_Foxtrot,headcount,95.2
2023-05-29,Unit_Foxtrot,workload_volume,522.0
2023-05-29,Unit_Foxtrot,leave_usage,8.7
2023-05-29,Unit_Foxtrot,grievances,1.4
2023-05-29,Unit_Foxtrot,workers_comp_claims,0.1
2023-05-29,Unit_Foxtrot,attrition,1.7
2023-06-05,Unit_Foxtrot,headcount,95.7
2023-06-05,Unit_Foxtrot,workload_volume,475.0
2023-06-05,Unit_Foxtrot,leave_usage,5.6
2023-06-05,Unit_Foxtrot,grievances,0.0
2023-06-05,Unit_Foxtrot,workers_comp_claims,0.7
2023-06-05,Unit_Foxtrot,attrition,1.4
2023-06-12,Unit_Foxtrot,headcount,95.4
2023-06-12,Unit_Foxtrot,workload_volume,490.7
2023-06-12,Unit_Foxtrot,leave_usage,6.2
2023-06-12,Unit_Foxtrot,grievances,2.1
2023-06-12,Unit_Foxtrot,workers_comp_claims,1.2
2023-06-12,Unit_Foxtrot,attrition,2.0
2023-06-19,Unit_Foxtrot,headcount,96.0
2023-06-19,Unit_Foxtrot,workload_volume,464.2
2023-06-19,Unit_Foxtrot,leave_usage,10.2
2023-06-19,Unit_Foxtrot,grievances,0.0
2023-06-19,Unit_Foxtrot,workers_comp_claims,0.0
2023-06-19,Unit_Foxtrot,attrition,0.8
2023-06-26,Unit_Foxtrot,headcount,97.7
2023-06-26,Unit_Foxtrot,workload_volume,547.1
2023-06-26,Unit_Foxtrot,leave_usage,7.5
2023-06-26,Unit_Foxtrot,grievances,0.4
2023-06-26,Unit_Foxtrot,workers_comp_claims,0.9
2023-06-26,Unit_Foxtrot,attrition,0.8
2023-07-03,Unit_Foxtrot,headcount,96.1
2023-07-03,Unit_Foxtrot,workload_volume,469.6
2023-07-03,Unit_Foxtrot,leave_usage,10.2
2023-07-03,Unit_Foxtrot,grievances,0.0
2023-07-03,Unit_Foxtrot,workers_comp_claims,0.0
2023-07-03,Unit_Foxtrot,attrition,1.9
2023-07-10,Unit_Foxtrot,headcount,93.0
2023-07-10,Unit_Foxtrot,workload_volume,491.6
2023-07-10,Unit_Foxtrot,leave_usage,7.9
2023-07-10,Unit_Foxtrot,grievances,0.6
2023-07-10,Unit_Foxtrot,workers_comp_claims,0.0
2023-07-10,Unit_Foxtrot,attrition,1.5
2023-07-17,Unit_Foxtrot,headcount,97.6
2023-07-17,Unit_Foxtrot,workload_volume,537.6
2023-07-17,Unit_Foxtrot,leave_usage,5.3
2023-07-17,Unit_Foxtrot,grievances,0.0
2023-07-17,Unit_Foxtrot,workers_comp_claims,0.0
2023-07-17,Unit_Foxtrot,attrition,0.3
2023-07-24,Unit_Foxtrot,headcount,98.1
2023-07-24,Unit_Foxtrot,workload_volume,441.7
2023-07-24,Unit_Foxtrot,leave_usage,9.4
2023-07-24,Unit_Foxtrot,grievances,0.0
2023-07-24,Unit_Foxtrot,workers_comp_claims,0.0
2023-07-24,Unit_Foxtrot,attrition,0.9
2023-07-31,Unit_Foxtrot,headcount,101.0
2023-07-31,Unit_Foxtrot,workload_volume,558.7
2023-07-31,Unit_Foxtrot,leave_usage,7.2
2023-07-31,Unit_Foxtrot,grievances,0.0
2023-07-31,Unit_Foxtrot,workers_comp_claims,0.0
2023-07-31,Unit_Foxtrot,attrition,1.4
2023-08-07,Unit_Foxtrot,headcount,92.9
2023-08-07,Unit_Foxtrot,workload_volume,404.5
2023-08-07,Unit_Foxtrot,leave_usage,9.1
2023-08-07,Unit_Foxtrot,grievances,0.5
2023-08-07,Unit_Foxtrot,workers_comp_claims,0.5
2023-08-07,Unit_Foxtrot,attrition,1.7
2023-08-14,Unit_Foxtrot,headcount,95.5
2023-08-14,Unit_Foxtrot,workload_volume,562.7
2023-08-14,Unit_Foxtrot,leave_usage,8.1
2023-08-14,Unit_Foxtrot,grievances,1.2
2023-08-14,Unit_Foxtrot,workers_comp_claims,0.2
2023-08-14,Unit_Foxtrot,attrition,0.8
2023-08-21,Unit_Foxtrot,headcount,91.0
2023-08-21,Unit_Foxtrot,workload_volume,462.8
2023-08-21,Unit_Foxtrot,leave_usage,5.8
2023-08-21,Unit_Foxtrot,grievances,0.9
2023-08-21,Unit_Foxtrot,workers_comp_claims,0.5
2023-08-21,Unit_Foxtrot,attrition,0.0
2023-08-28,Unit_Foxtrot,headcount,96.1
2023-08-28,Unit_Foxtrot,workload_volume,469.4
2023-08-28,Unit_Foxtrot,leave_usage,8.3
2023-08-28,Unit_Foxtrot,grievances,0.0
2023-08-28,Unit_Foxtrot,workers_comp_claims,0.7
2023-08-28,Unit_Foxtrot,attrition,1.5
2023-09-04,Unit_Foxtrot,headcount,94.0
2023-09-04,Unit_Foxtrot,workload_volume,387.2
2023-09-04,Unit_Foxtrot,leave_usage,11.4
2023-09-04,Unit_Foxtrot,grievances,2.0
2023-09-04,Unit_Foxtrot,workers_comp_claims,0.5
2023-09-04,Unit_Foxtrot,attrition,0.5
2023-09-11,Unit_Foxtrot,headcount,98.7
2023-09-11,Unit_Foxtrot,workload_volume,459.1
2023-09-11,Unit_Foxtrot,leave_usage,8.8
2023-09-11,Unit_Foxtrot,grievances,0.6
2023-09-11,Unit_Foxtrot,workers_comp_claims,0.7
2023-09-11,Unit_Foxtrot,attrition,0.0
2023-09-18,Unit_Foxtrot,headcount,93.5
2023-09-18,Unit_Foxtrot,workload_volume,429.9
2023-09-18,Unit_Foxtrot,leave_usage,8.0
2023-09-18,Unit_Foxtrot,grievances,0.0
2023-09-18,Unit_Foxtrot,workers_comp_claims,0.3
2023-09-18,Unit_Foxtrot,attrition,0.0
2023-09-25,Unit_Foxtrot,headcount,91.8
2023-09-25,Unit_Foxtrot,workload_volume,451.6
2023-09-25,Unit_Foxtrot,leave_usage,9.7
2023-09-25,Unit_Foxtrot,grievances,0.5
2023-09-25,Unit_Foxtrot,workers_comp_claims,0.0
2023-09-25,Unit_Foxtrot,attrition,1.7
2023-10-02,Unit_Foxtrot,headcount,94.1
2023-10-02,Unit_Foxtrot,workload_volume,475.1
2023-10-02,Unit_Foxtrot,leave_usage,8.4
2023-10-02,Unit_Foxtrot,grievances,0.5
2023-10-02,Unit_Foxtrot,workers_comp_claims,0.9
2023-10-02,Unit_Foxtrot,attrition,1.3
2023-10-09,Unit_Foxtrot,headcount,91.2
2023-10-09,Unit_Foxtrot,workload_volume,529.9
2023-10-09,Unit_Foxtrot,leave_usage,8.4
2023-10-09,Unit_Foxtrot,grievances,0.0
2023-10-09,Unit_Foxtrot,workers_comp_claims,0.0
2023-10-09,Unit_Foxtrot,attrition,1.1
2023-10-16,Unit_Foxtrot,headcount,96.4
2023-10-16,Unit_Foxtrot,workload_volume,492.4
2023-10-16,Unit_Foxtrot,leave_usage,6.4
2023-10-16,Unit_Foxtrot,grievances,0.6
2023-10-16,Unit_Foxtrot,workers_comp_claims,0.0
2023-10-16,Unit_Foxtrot,attrition,2.0
2023-10-23,Unit_Foxtrot,headcount,91.1
2023-10-23,Unit_Foxtrot,workload_volume,497.4
2023-10-23,Unit_Foxtrot,leave_usage,8.4
2023-10-23,Unit_Foxtrot,grievances,0.0
2023-10-23,Unit_Foxtrot,workers_comp_claims,0.2
2023-10-23,Unit_Foxtrot,attrition,1.6
2023-10-30,Unit_Foxtrot,headcount,95.1
2023-10-30,Unit_Foxtrot,workload_volume,427.1
2023-10-30,Unit_Foxtrot,leave_usage,9.6
2023-10-30,Unit_Foxtrot,grievances,0.1
2023-10-30,Unit_Foxtrot,workers_comp_claims,0.0
2023-10-30,Unit_Foxtrot,attrition,2.2
2023-11-06,Unit_Foxtrot,headcount,91.1
2023-11-06,Unit_Foxtrot,workload_volume,437.8
2023-11-06,Unit_Foxtrot,leave_usage,6.8
2023-11-06,Unit_Foxtrot,grievances,0.0
2023-11-06,Unit_Foxtrot,workers_comp_claims,0.1
2023-11-06,Unit_Foxtrot,attrition,0.4
2023-11-13,Unit_Foxtrot,headcount,94.4
2023-11-13,Unit_Foxtrot,workload_volume,571.7
2023-11-13,Unit_Foxtrot,leave_usage,10.2
2023-11-13,Unit_Foxtrot,grievances,0.0
2023-11-13,Unit_Foxtrot,workers_comp_claims,0.5
2023-11-13,Unit_Foxtrot,attrition,1.2
2023-11-20,Unit_Foxtrot,headcount,98.1
2023-11-20,Unit_Foxtrot,workload_volume,444.8
2023-11-20,Unit_Foxtrot,leave_usage,7.9
2023-11-20,Unit_Foxtrot,grievances,0.5
2023-11-20,Unit_Foxtrot,workers_comp_claims,0.5
2023-11-20,Unit_Foxtrot,attrition,0.2
2023-11-27,Unit_Foxtrot,headcount,95.7
2023-11-27,Unit_Foxtrot,workload_volume,564.3
2023-11-27,Unit_Foxtrot,leave_usage,6.7
2023-11-27,Unit_Foxtrot,grievances,0.9
2023-11-27,Unit_Foxtrot,workers_comp_claims,0.0
2023-11-27,Unit_Foxtrot,attrition,1.1
2023-12-04,Unit_Foxtrot,headcount,93.4
2023-12-04,Unit_Foxtrot,workload_volume,469.1
2023-12-04,Unit_Foxtrot,leave_usage,9.6
2023-12-04,Unit_Foxtrot,grievances,0.8
2023-12-04,Unit_Foxtrot,workers_comp_claims,0.1
2023-12-04,Unit_Foxtrot,attrition,1.1
2023-12-11,Unit_Foxtrot,headcount,94.9
2023-12-11,Unit_Foxtrot,workload_volume,481.2
2023-12-11,Unit_Foxtrot,leave_usage,7.6
2023-12-11,Unit_Foxtrot,grievances,1.1
2023-12-11,Unit_Foxtrot,workers_comp_claims,0.9
2023-12-11,Unit_Foxtrot,attrition,1.6
2023-12-18,Unit_Foxtrot,headcount,95.0
2023-12-18,Unit_Foxtrot,workload_volume,534.4
2023-12-18,Unit_Foxtrot,leave_usage,9.2
2023-12-18,Unit_Foxtrot,grievances,0.7
2023-12-18,Unit_Foxtrot,workers_comp_claims,0.6
2023-12-18,Unit_Foxtrot,attrition,1.2
2023-12-25,Unit_Foxtrot,headcount,95.9
2023-12-25,Unit_Foxtrot,workload_volume,544.2
2023-12-25,Unit_Foxtrot,leave_usage,7.6
2023-12-25,Unit_Foxtrot,grievances,0.0
2023-12-25,Unit_Foxtrot,workers_comp_claims,1.4
2023-12-25,Unit_Foxtrot,attrition,1.6
2024-01-01,Unit_Foxtrot,headcount,92.4
2024-01-01,Unit_Foxtrot,workload_volume,474.8
2024-01-01,Unit_Foxtrot,leave_usage,7.9
2024-01-01,Unit_Foxtrot,grievances,1.1
2024-01-01,Unit_Foxtrot,workers_comp_claims,0.9
2024-01-01,Unit_Foxtrot,attrition,1.6
2024-01-08,Unit_Foxtrot,headcount,96.1
2024-01-08,Unit_Foxtrot,workload_volume,460.7
2024-01-08,Unit_Foxtrot,leave_usage,8.8
2024-01-08,Unit_Foxtrot,grievances,0.0
2024-01-08,Unit_Foxtrot,workers_comp_claims,0.9
2024-01-08,Unit_Foxtrot,attrition,2.5
2024-01-15,Unit_Foxtrot,headcount,89.9
2024-01-15,Unit_Foxtrot,workload_volume,477.0
2024-01-15,Unit_Foxtrot,leave_usage,8.5
2024-01-15,Unit_Foxtrot,grievances,0.0
2024-01-15,Unit_Foxtrot,workers_comp_claims,0.0
2024-01-15,Unit_Foxtrot,attrition,1.0
2024-01-22,Unit_Foxtrot,headcount,93.8
2024-01-22,Unit_Foxtrot,workload_volume,496.3
2024-01-22,Unit_Foxtrot,leave_usage,5.0
2024-01-22,Unit_Foxtrot,grievances,0.0
2024-01-22,Unit_Foxtrot,workers_comp_claims,0.7
2024-01-22,Unit_Foxtrot,attrition,0.6
2024-01-29,Unit_Foxtrot,headcount,94.1
2024-01-29,Unit_Foxtrot,workload_volume,523.6
2024-01-29,Unit_Foxtrot,leave_usage,6.3
2024-01-29,Unit_Foxtrot,grievances,1.3
2024-01-29,Unit_Foxtrot,workers_comp_claims,0.3
2024-01-29,Unit_Foxtrot,attrition,1.4
2024-02-05,Unit_Foxtrot,headcount,96.2
2024-02-05,Unit_Foxtrot,workload_volume,478.9
2024-02-05,Unit_Foxtrot,leave_usage,9.4
2024-02-05,Unit_Foxtrot,grievances,1.2
2024-02-05,Unit_Foxtrot,workers_comp_claims,0.0
2024-02-05,Unit_Foxtrot,attrition,0.7
2024-02-12,Unit_Foxtrot,headcount,95.0
2024-02-12,Unit_Foxtrot,workload_volume,509.2
2024-02-12,Unit_Foxtrot,leave_usage,7.8
2024-02-12,Unit_Foxtrot,grievances,0.8
2024-02-12,Unit_Foxtrot,workers_comp_claims,0.4
2024-02-12,Unit_Foxtrot,attrition,2.1
2024-02-19,Unit_Foxtrot,headcount,92.3
2024-02-19,Unit_Foxtrot,workload_volume,559.8
2024-02-19,Unit_Foxtrot,leave_usage,7.2
2024-02-19,Unit_Foxtrot,grievances,1.3
2024-02-19,Unit_Foxtrot,workers_comp_claims,0.8
2024-02-19,Unit_Foxtrot,attrition,1.0
2024-02-26,Unit_Foxtrot,headcount,93.1
2024-02-26,Unit_Foxtrot,workload_volume,496.5
2024-02-26,Unit_Foxtrot,leave_usage,5.9
2024-02-26,Unit_Foxtrot,grievances,0.0
2024-02-26,Unit_Foxtrot,workers_comp_claims,0.6
2024-02-26,Unit_Foxtrot,attrition,0.9
2024-03-04,Unit_Foxtrot,headcount,95.4
2024-03-04,Unit_Foxtrot,workload_volume,492.5
2024-03-04,Unit_Foxtrot,leave_usage,6.3
2024-03-04,Unit_Foxtrot,grievances,0.7
2024-03-04,Unit_Foxtrot,workers_comp_claims,0.0
2024-03-04,Unit_Foxtrot,attrition,0.9
2024-03-11,Unit_Foxtrot,headcount,94.8
2024-03-11,Unit_Foxtrot,workload_volume,400.5
2024-03-11,Unit_Foxtrot,leave_usage,4.9
2024-03-11,Unit_Foxtrot,grievances,0.3
2024-03-11,Unit_Foxtrot,workers_comp_claims,0.7
2024-03-11,Unit_Foxtrot,attrition,1.6
2024-03-18,Unit_Foxtrot,headcount,93.9
2024-03-18,Unit_Foxtrot,workload_volume,344.4
2024-03-18,Unit_Foxtrot,leave_usage,7.8
2024-03-18,Unit_Foxtrot,grievances,1.1
2024-03-18,Unit_Foxtrot,workers_comp_claims,0.0
2024-03-18,Unit_Foxtrot,attrition,1.1
2024-03-25,Unit_Foxtrot,headcount,94.1
2024-03-25,Unit_Foxtrot,workload_volume,494.8
2024-03-25,Unit_Foxtrot,leave_usage,7.0
2024-03-25,Unit_Foxtrot,grievances,0.3
2024-03-25,Unit_Foxtrot,workers_comp_claims,0.4
2024-03-25,Unit_Foxtrot,attrition,0.8
2024-04-01,Unit_Foxtrot,headcount,96.3
2024-04-01,Unit_Foxtrot,workload_volume,470.1
2024-04-01,Unit_Foxtrot,leave_usage,6.4
2024-04-01,Unit_Foxtrot,grievances,0.1
2024-04-01,Unit_Foxtrot,workers_comp_claims,0.2
2024-04-01,Unit_Foxtrot,attrition,2.2
2024-04-08,Unit_Foxtrot,headcount,94.0
2024-04-08,Unit_Foxtrot,workload_volume,448.5
2024-04-08,Unit_Foxtrot,leave_usage,7.8
2024-04-08,Unit_Foxtrot,grievances,0.8
2024-04-08,Unit_Foxtrot,workers_comp_claims,0.2
2024-04-08,Unit_Foxtrot,attrition,0.7
2024-04-15,Unit_Foxtrot,headcount,94.8
2024-04-15,Unit_Foxtrot,workload_volume,485.8
2024-04-15,Unit_Foxtrot,leave_usage,8.4
2024-04-15,Unit_Foxtrot,grievances,1.1
2024-04-15,Unit_Foxtrot,workers_comp_claims,0.7
2024-04-15,Unit_Foxtrot,attrition,1.2
2024-04-22,Unit_Foxtrot,headcount,99.1
2024-04-22,Unit_Foxtrot,workload_volume,470.0
2024-04-22,Unit_Foxtrot,leave_usage,11.0
2024-04-22,Unit_Foxtrot,grievances,0.0
2024-04-22,Unit_Foxtrot,workers_comp_claims,0.0
2024-04-22,Unit_Foxtrot,attrition,1.6
2024-04-29,Unit_Foxtrot,headcount,92.3
2024-04-29,Unit_Foxtrot,workload_volume,528.8
2024-04-29,Unit_Foxtrot,leave_usage,5.6
2024-04-29,Unit_Foxtrot,grievances,0.4
2024-04-29,Unit_Foxtrot,workers_comp_claims,1.3
2024-04-29,Unit_Foxtrot,attrition,0.2
2024-05-06,Unit_Foxtrot,headcount,91.5
2024-05-06,Unit_Foxtrot,workload_volume,476.0
2024-05-06,Unit_Foxtrot,leave_usage,9.5
2024-05-06,Unit_Foxtrot,grievances,0.0
2024-05-06,Unit_Foxtrot,workers_comp_claims,0.0
2024-05-06,Unit_Foxtrot,attrition,1.5
2024-05-13,Unit_Foxtrot,headcount,96.5
2024-05-13,Unit_Foxtrot,workload_volume,433.7
2024-05-13,Unit_Foxtrot,leave_usage,9.2
2024-05-13,Unit_Foxtrot,grievances,0.0
2024-05-13,Unit_Foxtrot,workers_comp_claims,0.0
2024-05-13,Unit_Foxtrot,attrition,0.6
2024-05-20,Unit_Foxtrot,headcount,93.7
2024-05-20,Unit_Foxtrot,workload_volume,519.8
2024-05-20,Unit_Foxtrot,leave_usage,6.6
2024-05-20,Unit_Foxtrot,grievances,0.6
2024-05-20,Unit_Foxtrot,workers_comp_claims,0.5
2024-05-20,Unit_Foxtrot,attrition,1.7
2024-05-27,Unit_Foxtrot,headcount,94.4
2024-05-27,Unit_Foxtrot,workload_volume,458.8
2024-05-27,Unit_Foxtrot,leave_usage,8.1
2024-05-27,Unit_Foxtrot,grievances,0.9
2024-05-27,Unit_Foxtrot,workers_comp_claims,0.6
2024-05-27,Unit_Foxtrot,attrition,0.6
2024-06-03,Unit_Foxtrot,headcount,93.5
2024-06-03,Unit_Foxtrot,workload_volume,495.2
2024-06-03,Unit_Foxtrot,leave_usage,7.0
2024-06-03,Unit_Foxtrot,grievances,0.6
2024-06-03,Unit_Foxtrot,workers_comp_claims,0.3
2024-06-03,Unit_Foxtrot,attrition,1.6
2024-06-10,Unit_Foxtrot,headcount,94.5
2024-06-10,Unit_Foxtrot,workload_volume,444.2
2024-06-10,Unit_Foxtrot,leave_usage,8.0
2024-06-10,Unit_Foxtrot,grievances,0.0
2024-06-10,Unit_Foxtrot,workers_comp_claims,0.3
2024-06-10,Unit_Foxtrot,attrition,1.9
2024-06-17,Unit_Foxtrot,headcount,98.0
2024-06-17,Unit_Foxtrot,workload_volume,434.8
2024-06-17,Unit_Foxtrot,leave_usage,10.0
2024-06-17,Unit_Foxtrot,grievances,0.1
2024-06-17,Unit_Foxtrot,workers_comp_claims,0.5
2024-06-17,Unit_Foxtrot,attrition,1.7
2024-06-24,Unit_Foxtrot,headcount,96.5
2024-06-24,Unit_Foxtrot,workload_volume,470.7
2024-06-24,Unit_Foxtrot,leave_usage,8.6
2024-06-24,Unit_Foxtrot,grievances,0.0
2024-06-24,Unit_Foxtrot,workers_comp_claims,0.2
2024-06-24,Unit_Foxtrot,attrition,1.4
2022-01-03,Unit_Golf,headcount,109.5
2022-01-03,Unit_Golf,workload_volume,637.8
2022-01-03,Unit_Golf,leave_usage,11.4
2022-01-03,Unit_Golf,grievances,0.0
2022-01-03,Unit_Golf,workers_comp_claims,0.3
2022-01-03,Unit_Golf,attrition,1.5
2022-01-10,Unit_Golf,headcount,108.7
2022-01-10,Unit_Golf,workload_volume,505.7
2022-01-10,Unit_Golf,leave_usage,10.3
2022-01-10,Unit_Golf,grievances,0.4
2022-01-10,Unit_Golf,workers_comp_claims,0.2
2022-01-10,Unit_Golf,attrition,1.6
2022-01-17,Unit_Golf,headcount,113.2
2022-01-17,Unit_Golf,workload_volume,635.8
2022-01-17,Unit_Golf,leave_usage,10.8
2022-01-17,Unit_Golf,grievances,1.1
2022-01-17,Unit_Golf,workers_comp_claims,0.6
2022-01-17,Unit_Golf,attrition,2.0
2022-01-24,Unit_Golf,headcount,108.5
2022-01-24,Unit_Golf,workload_volume,564.0
2022-01-24,Unit_Golf,leave_usage,9.6
2022-01-24,Unit_Golf,grievances,0.0
2022-01-24,Unit_Golf,workers_comp_claims,0.9
2022-01-24,Unit_Golf,attrition,2.5
2022-01-31,Unit_Golf,headcount,107.7
2022-01-31,Unit_Golf,workload_volume,621.0
2022-01-31,Unit_Golf,leave_usage,13.3
2022-01-31,Unit_Golf,grievances,0.8
2022-01-31,Unit_Golf,workers_comp_claims,1.7
2022-01-31,Unit_Golf,attrition,1.3
2022-02-07,Unit_Golf,headcount,111.5
2022-02-07,Unit_Golf,workload_volume,594.7
2022-02-07,Unit_Golf,leave_usage,12.3
2022-02-07,Unit_Golf,grievances,0.7
2022-02-07,Unit_Golf,workers_comp_claims,0.9
2022-02-07,Unit_Golf,attrition,1.5
2022-02-14,Unit_Golf,headcount,108.2
2022-02-14,Unit_Golf,workload_volume,674.5
2022-02-14,Unit_Golf,leave_usage,9.7
2022-02-14,Unit_Golf,grievances,0.6
2022-02-14,Unit_Golf,workers_comp_claims,1.1
2022-02-14,Unit_Golf,attrition,1.5
2022-02-21,Unit_Golf,headcount,107.9
2022-02-21,Unit_Golf,workload_volume,566.1
2022-02-21,Unit_Golf,leave_usage,8.8
2022-02-21,Unit_Golf,grievances,1.4
2022-02-21,Unit_Golf,workers_comp_claims,0.2
2022-02-21,Unit_Golf,attrition,1.3
2022-02-28,Unit_Golf,headcount,106.8
2022-02-28,Unit_Golf,workload_volume,642.6
2022-02-28,Unit_Golf,leave_usage,10.3
2022-02-28,Unit_Golf,grievances,0.9
2022-02-28,Unit_Golf,workers_comp_claims,0.0
2022-02-28,Unit_Golf,attrition,1.6
2022-03-07,Unit_Golf,headcount,108.9
2022-03-07,Unit_Golf,workload_volume,598.7
2022-03-07,Unit_Golf,leave_usage,11.5
2022-03-07,Unit_Golf,grievances,1.8
2022-03-07,Unit_Golf,workers_comp_claims,0.5
2022-03-07,Unit_Golf,attrition,2.3
2022-03-14,Unit_Golf,headcount,109.8
2022-03-14,Unit_Golf,workload_volume,606.1
2022-03-14,Unit_Golf,leave_usage,11.3
2022-03-14,Unit_Golf,grievances,0.0
2022-03-14,Unit_Golf,workers_comp_claims,0.5
2022-03-14,Unit_Golf,attrition,1.2
2022-03-21,Unit_Golf,headcount,110.5
2022-03-21,Unit_Golf,workload_volume,606.2
2022-03-21,Unit_Golf,leave_usage,12.8
2022-03-21,Unit_Golf,grievances,0.7
2022-03-21,Unit_Golf,workers_comp_claims,0.0
2022-03-21,Unit_Golf,attrition,2.1
2022-03-28,Unit_Golf,headcount,112.1
2022-03-28,Unit_Golf,workload_volume,574.5
2022-03-28,Unit_Golf,leave_usage,12.2
2022-03-28,Unit_Golf,grievances,0.7
2022-03-28,Unit_Golf,workers_comp_claims,0.4
2022-03-28,Unit_Golf,attrition,0.8
2022-04-04,Unit_Golf,headcount,111.2
2022-04-04,Unit_Golf,workload_volume,617.5
2022-04-04,Unit_Golf,leave_usage,12.5
2022-04-04,Unit_Golf,grievances,0.0
2022-04-04,Unit_Golf,workers_comp_claims,0.7
2022-04-04,Unit_Golf,attrition,1.5
2022-04-11,Unit_Golf,headcount,109.6
2022-04-11,Unit_Golf,workload_volume,616.4
2022-04-11,Unit_Golf,leave_usage,11.5
2022-04-11,Unit_Golf,grievances,1.4
2022-04-11,Unit_Golf,workers_comp_claims,0.7
2022-04-11,Unit_Golf,attrition,1.6
2022-04-18,Unit_Golf,headcount,109.6
2022-04-18,Unit_Golf,workload_volume,633.0
2022-04-18,Unit_Golf,leave_usage,9.0
2022-04-18,Unit_Golf,grievances,2.5
2022-04-18,Unit_Golf,workers_comp_claims,0.7
2022-04-18,Unit_Golf,attrition,2.8
2022-04-25,Unit_Golf,headcount,111.1
2022-04-25,Unit_Golf,workload_volume,626.5
2022-04-25,Unit_Golf,leave_usage,10.8
2022-04-25,Unit_Golf,grievances,0.6
2022-04-25,Unit_Golf,workers_comp_claims,0.6
2022-04-25,Unit_Golf,attrition,1.6
2022-05-02,Unit_Golf,headcount,112.8
2022-05-02,Unit_Golf,workload_volume,663.5
2022-05-02,Unit_Golf,leave_usage,12.7
2022-05-02,Unit_Golf,grievances,1.0
2022-05-02,Unit_Golf,workers_comp_claims,0.2
2022-05-02,Unit_Golf,attrition,0.5
2022-05-09,Unit_Golf,headcount,110.3
2022-05-09,Unit_Golf,workload_volume,671.2
2022-05-09,Unit_Golf,leave_usage,11.1
2022-05-09,Unit_Golf,grievances,0.7
2022-05-09,Unit_Golf,workers_comp_claims,0.2
2022-05-09,Unit_Golf,attrition,0.6
2022-05-16,Unit_Golf,headcount,109.0
2022-05-16,Unit_Golf,workload_volume,573.8
2022-05-16,Unit_Golf,leave_usage,12.0
2022-05-16,Unit_Golf,grievances,0.0
2022-05-16,Unit_Golf,workers_comp_claims,0.0
2022-05-16,Unit_Golf,attrition,1.8
2022-05-23,Unit_Golf,headcount,107.8
2022-05-23,Unit_Golf,workload_volume,671.1
2022-05-23,Unit_Golf,leave_usage,10.8
2022-05-23,Unit_Golf,grievances,0.0
2022-05-23,Unit_Golf,workers_comp_claims,1.4
2022-05-23,Unit_Golf,attrition,2.2
2022-05-30,Unit_Golf,headcount,106.8
2022-05-30,Unit_Golf,workload_volume,569.7
2022-05-30,Unit_Golf,leave_usage,9.7
2022-05-30,Unit_Golf,grievances,0.0
2022-05-30,Unit_Golf,workers_comp_claims,0.5
2022-05-30,Unit_Golf,attrition,2.0
2022-06-06,Unit_Golf,headcount,111.5
2022-06-06,Unit_Golf,workload_volume,659.7
2022-06-06,Unit_Golf,leave_usage,11.1
2022-06-06,Unit_Golf,grievances,0.0
2022-06-06,Unit_Golf,workers_comp_claims,0.4
2022-06-06,Unit_Golf,attrition,1.9
2022-06-13,Unit_Golf,headcount,111.3
2022-06-13,Unit_Golf,workload_volume,662.6
2022-06-13,Unit_Golf,leave_usage,11.8
2022-06-13,Unit_Golf,grievances,2.0
2022-06-13,Unit_Golf,workers_comp_claims,0.0
2022-06-13,Unit_Golf,attrition,2.5
2022-06-20,Unit_Golf,headcount,111.3
2022-06-20,Unit_Golf,workload_volume,537.3
2022-06-20,Unit_Golf,leave_usage,10.4
2022-06-20,Unit_Golf,grievances,0.5
2022-06-20,Unit_Golf,workers_comp_claims,1.9
2022-06-20,Unit_Golf,attrition,1.5
2022-06-27,Unit_Golf,headcount,109.7
2022-06-27,Unit_Golf,workload_volume,638.8
2022-06-27,Unit_Golf,leave_usage,11.0
2022-06-27,Unit_Golf,grievances,0.3
2022-06-27,Unit_Golf,workers_comp_claims,0.0
2022-06-27,Unit_Golf,attrition,2.3
2022-07-04,Unit_Golf,headcount,113.1
2022-07-04,Unit_Golf,workload_volume,612.1
2022-07-04,Unit_Golf,leave_usage,10.0
2022-07-04,Unit_Golf,grievances,1.3
2022-07-04,Unit_Golf,workers_comp_claims,0.3
2022-07-04,Unit_Golf,attrition,0.8
2022-07-11,Unit_Golf,headcount,108.9
2022-07-11,Unit_Golf,workload_volume,598.8
2022-07-11,Unit_Golf,leave_usage,13.1
2022-07-11,Unit_Golf,grievances,0.0
2022-07-11,Unit_Golf,workers_comp_claims,0.7
2022-07-11,Unit_Golf,attrition,1.3
2022-07-18,Unit_Golf,headcount,112.1
2022-07-18,Unit_Golf,workload_volume,705.5
2022-07-18,Unit_Golf,leave_usage,11.0
2022-07-18,Unit_Golf,grievances,0.0
2022-07-18,Unit_Golf,workers_comp_claims,0.8
2022-07-18,Unit_Golf,attrition,0.7
2022-07-25,Unit_Golf,headcount,109.9
2022-07-25,Unit_Golf,workload_volume,606.6
2022-07-25,Unit_Golf,leave_usage,13.7
2022-07-25,Unit_Golf,grievances,0.7
2022-07-25,Unit_Golf,workers_comp_claims,1.0
2022-07-25,Unit_Golf,attrition,1.6
2022-08-01,Unit_Golf,headcount,108.7
2022-08-01,Unit_Golf,workload_volume,600.2
2022-08-01,Unit_Golf,leave_usage,13.8
2022-08-01,Unit_Golf,grievances,1.4
2022-08-01,Unit_Golf,workers_comp_claims,1.4
2022-08-01,Unit_Golf,attrition,1.8
2022-08-08,Unit_Golf,headcount,111.3
2022-08-08,Unit_Golf,workload_volume,645.5
2022-08-08,Unit_Golf,leave_usage,11.5
2022-08-08,Unit_Golf,grievances,1.0
2022-08-08,Unit_Golf,workers_comp_claims,0.7
2022-08-08,Unit_Golf,attrition,1.9
2022-08-15,Unit_Golf,headcount,110.9
2022-08-15,Unit_Golf,workload_volume,677.2
2022-08-15,Unit_Golf,leave_usage,10.1
2022-08-15,Unit_Golf,grievances,0.8
2022-08-15,Unit_Golf,workers_comp_claims,0.0
2022-08-15,Unit_Golf,attrition,1.8
2022-08-22,Unit_Golf,headcount,110.8
2022-08-22,Unit_Golf,workload_volume,637.0
2022-08-22,Unit_Golf,leave_usage,8.5
2022-08-22,Unit_Golf,grievances,0.7
2022-08-22,Unit_Golf,workers_comp_claims,0.4
2022-08-22,Unit_Golf,attrition,1.2
2022-08-29,Unit_Golf,headcount,110.2
2022-08-29,Unit_Golf,workload_volume,703.6
2022-08-29,Unit_Golf,leave_usage,9.5
2022-08-29,Unit_Golf,grievances,0.9
2022-08-29,Unit_Golf,workers_comp_claims,0.6
2022-08-29,Unit_Golf,attrition,1.7
2022-09-05,Unit_Golf,headcount,109.9
2022-09-05,Unit_Golf,workload_volume,673.0
2022-09-05,Unit_Golf,leave_usage,9.6
2022-09-05,Unit_Golf,grievances,0.8
2022-09-05,Unit_Golf,workers_comp_claims,1.5
2022-09-05,Unit_Golf,attrition,0.9
2022-09-12,Unit_Golf,headcount,115.3
2022-09-12,Unit_Golf,workload_volume,538.7
2022-09-12,Unit_Golf,leave_usage,13.8
2022-09-12,Unit_Golf,grievances,0.0
2022-09-12,Unit_Golf,workers_comp_claims,0.0
2022-09-12,Unit_Golf,attrition,2.6
2022-09-19,Unit_Golf,headcount,112.6
2022-09-19,Unit_Golf,workload_volume,622.3
2022-09-19,Unit_Golf,leave_usage,11.9
2022-09-19,Unit_Golf,grievances,0.6
2022-09-19,Unit_Golf,workers_comp_claims,1.1
2022-09-19,Unit_Golf,attrition,1.6
2022-09-26,Unit_Golf,headcount,111.6
2022-09-26,Unit_Golf,workload_volume,621.8
2022-09-26,Unit_Golf,leave_usage,12.4
2022-09-26,Unit_Golf,grievances,0.0
2022-09-26,Unit_Golf,workers_comp_claims,0.6
2022-09-26,Unit_Golf,attrition,1.5
2022-10-03,Unit_Golf,headcount,110.2
2022-10-03,Unit_Golf,workload_volume,675.0
2022-10-03,Unit_Golf,leave_usage,8.5
2022-10-03,Unit_Golf,grievances,0.7
2022-10-03,Unit_Golf,workers_comp_claims,0.9
2022-10-03,Unit_Golf,attrition,2.8
2022-10-10,Unit_Golf,headcount,112.2
2022-10-10,Unit_Golf,workload_volume,520.9
2022-10-10,Unit_Golf,leave_usage,10.0
2022-10-10,Unit_Golf,grievances,0.2
2022-10-10,Unit_Golf,workers_comp_claims,0.4
2022-10-10,Unit_Golf,attrition,1.1
2022-10-17,Unit_Golf,headcount,111.1
2022-10-17,Unit_Golf,workload_volume,780.7
2022-10-17,Unit_Golf,leave_usage,13.2
2022-10-17,Unit_Golf,grievances,2.6
2022-10-17,Unit_Golf,workers_comp_claims,0.1
2022-10-17,Unit_Golf,attrition,1.1
2022-10-24,Unit_Golf,headcount,110.1
2022-10-24,Unit_Golf,workload_volume,680.9
2022-10-24,Unit_Golf,leave_usage,12.3
2022-10-24,Unit_Golf,grievances,0.6
2022-10-24,Unit_Golf,workers_comp_claims,0.9
2022-10-24,Unit_Golf,attrition,1.1
2022-10-31,Unit_Golf,headcount,109.3
2022-10-31,Unit_Golf,workload_volume,662.8
2022-10-31,Unit_Golf,leave_usage,11.7
2022-10-31,Unit_Golf,grievances,0.0
2022-10-31,Unit_Golf,workers_comp_claims,0.8
2022-10-31,Unit_Golf,attrition,1.8
2022-11-07,Unit_Golf,headcount,109.8
2022-11-07,Unit_Golf,workload_volume,715.5
2022-11-07,Unit_Golf,leave_usage,12.8
2022-11-07,Unit_Golf,grievances,0.5
2022-11-07,Unit_Golf,workers_comp_claims,1.0
2022-11-07,Unit_Golf,attrition,2.1
2022-11-14,Unit_Golf,headcount,103.0
2022-11-14,Unit_Golf,workload_volume,774.6
2022-11-14,Unit_Golf,leave_usage,14.4
2022-11-14,Unit_Golf,grievances,1.0
2022-11-14,Unit_Golf,workers_comp_claims,0.5
2022-11-14,Unit_Golf,attrition,2.2
2022-11-21,Unit_Golf,headcount,110.5
2022-11-21,Unit_Golf,workload_volume,702.0
2022-11-21,Unit_Golf,leave_usage,11.7
2022-11-21,Unit_Golf,grievances,1.9
2022-11-21,Unit_Golf,workers_comp_claims,0.2
2022-11-21,Unit_Golf,attrition,3.3
2022-11-28,Unit_Golf,headcount,108.9
2022-11-28,Unit_Golf,workload_volume,706.9
2022-11-28,Unit_Golf,leave_usage,12.1
2022-11-28,Unit_Golf,grievances,0.1
2022-11-28,Unit_Golf,workers_comp_claims,0.0
2022-11-28,Unit_Golf,attrition,0.5
2022-12-05,Unit_Golf,headcount,113.5
2022-12-05,Unit_Golf,workload_volume,666.9
2022-12-05,Unit_Golf,leave_usage,12.3
2022-12-05,Unit_Golf,grievances,0.0
2022-12-05,Unit_Golf,workers_comp_claims,0.9
2022-12-05,Unit_Golf,attrition,2.2
2022-12-12,Unit_Golf,headcount,110.0
2022-12-12,Unit_Golf,workload_volume,654.3
2022-12-12,Unit_Golf,leave_usage,15.6
2022-12-12,Unit_Golf,grievances,1.3
2022-12-12,Unit_Golf,workers_comp_claims,0.7
2022-12-12,Unit_Golf,attrition,1.5
2022-12-19,Unit_Golf,headcount,107.4
2022-12-19,Unit_Golf,workload_volume,638.5
2022-12-19,Unit_Golf,leave_usage,8.9
2022-12-19,Unit_Golf,grievances,0.0
2022-12-19,Unit_Golf,workers_comp_claims,0.0
2022-12-19,Unit_Golf,attrition,1.5
2022-12-26,Unit_Golf,headcount,109.9
2022-12-26,Unit_Golf,workload_volume,621.9
2022-12-26,Unit_Golf,leave_usage,13.1
2022-12-26,Unit_Golf,grievances,0.3
2022-12-26,Unit_Golf,workers_comp_claims,0.2
2022-12-26,Unit_Golf,attrition,1.4
2023-01-02,Unit_Golf,headcount,107.7
2023-01-02,Unit_Golf,workload_volume,629.8
2023-01-02,Unit_Golf,leave_usage,11.9
2023-01-02,Unit_Golf,grievances,0.4
2023-01-02,Unit_Golf,workers_comp_claims,0.2
2023-01-02,Unit_Golf,attrition,1.3
2023-01-09,Unit_Golf,headcount,111.0
2023-01-09,Unit_Golf,workload_volume,597.5
2023-01-09,Unit_Golf,leave_usage,13.0
2023-01-09,Unit_Golf,grievances,0.5
2023-01-09,Unit_Golf,workers_comp_claims,0.0
2023-01-09,Unit_Golf,attrition,2.8
2023-01-16,Unit_Golf,headcount,110.6
2023-01-16,Unit_Golf,workload_volume,662.1
2023-01-16,Unit_Golf,leave_usage,11.2
2023-01-16,Unit_Golf,grievances,1.2
2023-01-16,Unit_Golf,workers_comp_claims,0.1
2023-01-16,Unit_Golf,attrition,2.3
2023-01-23,Unit_Golf,headcount,112.1
2023-01-23,Unit_Golf,workload_volume,582.5
2023-01-23,Unit_Golf,leave_usage,12.1
2023-01-23,Unit_Golf,grievances,0.1
2023-01-23,Unit_Golf,workers_comp_claims,0.0
2023-01-23,Unit_Golf,attrition,1.8
2023-01-30,Unit_Golf,headcount,108.3
2023-01-30,Unit_Golf,workload_volume,677.1
2023-01-30,Unit_Golf,leave_usage,13.3
2023-01-30,Unit_Golf,grievances,0.4
2023-01-30,Unit_Golf,workers_comp_claims,0.3
2023-01-30,Unit_Golf,attrition,2.6
2023-02-06,Unit_Golf,headcount,110.1
2023-02-06,Unit_Golf,workload_volume,666.6
2023-02-06,Unit_Golf,leave_usage,16.9
2023-02-06,Unit_Golf,grievances,0.6
2023-02-06,Unit_Golf,workers_comp_claims,0.1
2023-02-06,Unit_Golf,attrition,0.9
2023-02-13,Unit_Golf,headcount,107.0
2023-02-13,Unit_Golf,workload_volume,676.5
2023-02-13,Unit_Golf,leave_usage,13.5
2023-02-13,Unit_Golf,grievances,0.7
2023-02-13,Unit_Golf,workers_comp_claims,0.0
2023-02-13,Unit_Golf,attrition,1.0
2023-02-20,Unit_Golf,headcount,111.5
2023-02-20,Unit_Golf,workload_volume,643.8
2023-02-20,Unit_Golf,leave_usage,11.0
2023-02-20,Unit_Golf,grievances,0.7
2023-02-20,Unit_Golf,workers_comp_claims,1.5
2023-02-20,Unit_Golf,attrition,0.5
2023-02-27,Unit_Golf,headcount,111.1
2023-02-27,Unit_Golf,workload_volume,824.5
2023-02-27,Unit_Golf,leave_usage,11.6
2023-02-27,Unit_Golf,grievances,1.0
2023-02-27,Unit_Golf,workers_comp_claims,1.1
2023-02-27,Unit_Golf,attrition,1.4
2023-03-06,Unit_Golf,headcount,111.1
2023-03-06,Unit_Golf,workload_volume,739.4
2023-03-06,Unit_Golf,leave_usage,11.6
2023-03-06,Unit_Golf,grievances,1.3
2023-03-06,Unit_Golf,workers_comp_claims,0.1
2023-03-06,Unit_Golf,attrition,1.9
2023-03-13,Unit_Golf,headcount,110.0
2023-03-13,Unit_Golf,workload_volume,609.9
2023-03-13,Unit_Golf,leave_usage,9.6
2023-03-13,Unit_Golf,grievances,0.9
2023-03-13,Unit_Golf,workers_comp_claims,0.6
2023-03-13,Unit_Golf,attrition,1.9
2023-03-20,Unit_Golf,headcount,110.9
2023-03-20,Unit_Golf,workload_volume,684.4
2023-03-20,Unit_Golf,leave_usage,11.8
2023-03-20,Unit_Golf,grievances,1.0
2023-03-20,Unit_Golf,workers_comp_claims,0.7
2023-03-20,Unit_Golf,attrition,1.9
2023-03-27,Unit_Golf,headcount,113.5
2023-03-27,Unit_Golf,workload_volume,643.1
2023-03-27,Unit_Golf,leave_usage,13.4
2023-03-27,Unit_Golf,grievances,0.0
2023-03-27,Unit_Golf,workers_comp_claims,1.1
2023-03-27,Unit_Golf,attrition,1.0
2023-04-03,Unit_Golf,headcount,109.4
2023-04-03,Unit_Golf,workload_volume,623.4
2023-04-03,Unit_Golf,leave_usage,10.4
2023-04-03,Unit_Golf,grievances,0.6
2023-04-03,Unit_Golf,workers_comp_claims,0.1
2023-04-03,Unit_Golf,attrition,2.3
2023-04-10,Unit_Golf,headcount,110.3
2023-04-10,Unit_Golf,workload_volume,607.7
2023-04-10,Unit_Golf,leave_usage,13.9
2023-04-10,Unit_Golf,grievances,1.0
2023-04-10,Unit_Golf,workers_comp_claims,1.0
2023-04-10,Unit_Golf,attrition,1.9
2023-04-17,Unit_Golf,headcount,107.6
2023-04-17,Unit_Golf,workload_volume,696.9
2023-04-17,Unit_Golf,leave_usage,13.1
2023-04-17,Unit_Golf,grievances,1.2
2023-04-17,Unit_Golf,workers_comp_claims,0.2
2023-04-17,Unit_Golf,attrition,2.2
2023-04-24,Unit_Golf,headcount,108.1
2023-04-24,Unit_Golf,workload_volume,641.8
2023-04-24,Unit_Golf,leave_usage,11.3
2023-04-24,Unit_Golf,grievances,0.0
2023-04-24,Unit_Golf,workers_comp_claims,0.0
2023-04-24,Unit_Golf,attrition,0.7
2023-05-01,Unit_Golf,headcount,110.2
2023-05-01,Unit_Golf,workload_volume,724.9
2023-05-01,Unit_Golf,leave_usage,12.2
2023-05-01,Unit_Golf,grievances,0.1
2023-05-01,Unit_Golf,workers_comp_claims,0.8
2023-05-01,Unit_Golf,attrition,2.0
2023-05-08,Unit_Golf,headcount,112.4
2023-05-08,Unit_Golf,workload_volume,726.7
2023-05-08,Unit_Golf,leave_usage,14.8
2023-05-08,Unit_Golf,grievances,0.1
2023-05-08,Unit_Golf,workers_comp_claims,1.1
2023-05-08,Unit_Golf,attrition,1.1
2023-05-15,Unit_Golf,headcount,109.4
2023-05-15,Unit_Golf,workload_volume,746.2
2023-05-15,Unit_Golf,leave_usage,13.5
2023-05-15,Unit_Golf,grievances,1.0
2023-05-15,Unit_Golf,workers_comp_claims,1.8
2023-05-15,Unit_Golf,attrition,1.6
2023-05-22,Unit_Golf,headcount,109.5
2023-05-22,Unit_Golf,workload_volume,635.4
2023-05-22,Unit_Golf,leave_usage,12.5
2023-05-22,Unit_Golf,grievances,1.4
2023-05-22,Unit_Golf,workers_comp_claims,0.0
2023-05-22,Unit_Golf,attrition,2.1
2023-05-29,Unit_Golf,headcount,109.1
2023-05-29,Unit_Golf,workload_volume,702.3
2023-05-29,Unit_Golf,leave_usage,12.1
2023-05-29,Unit_Golf,grievances,0.3
2023-05-29,Unit_Golf,workers_comp_claims,0.8
2023-05-29,Unit_Golf,attrition,1.9
2023-06-05,Unit_Golf,headcount,108.8
2023-06-05,Unit_Golf,workload_volume,710.6
2023-06-05,Unit_Golf,leave_usage,12.6
2023-06-05,Unit_Golf,grievances,1.3
2023-06-05,Unit_Golf,workers_comp_claims,0.3
2023-06-05,Unit_Golf,attrition,1.3
2023-06-12,Unit_Golf,headcount,110.6
2023-06-12,Unit_Golf,workload_volume,655.6
2023-06-12,Unit_Golf,leave_usage,11.7
2023-06-12,Unit_Golf,grievances,0.7
2023-06-12,Unit_Golf,workers_comp_claims,0.9
2023-06-12,Unit_Golf,attrition,1.8
2023-06-19,Unit_Golf,headcount,106.7
2023-06-19,Unit_Golf,workload_volume,641.2
2023-06-19,Unit_Golf,leave_usage,9.3
2023-06-19,Unit_Golf,grievances,0.5
2023-06-19,Unit_Golf,workers_comp_claims,0.0
2023-06-19,Unit_Golf,attrition,0.9
2023-06-26,Unit_Golf,headcount,112.8
2023-06-26,Unit_Golf,workload_volume,760.6
2023-06-26,Unit_Golf,leave_usage,15.6
2023-06-26,Unit_Golf,grievances,0.4
2023-06-26,Unit_Golf,workers_comp_claims,0.0
2023-06-26,Unit_Golf,attrition,2.5
2023-07-03,Unit_Golf,headcount,108.5
2023-07-03,Unit_Golf,workload_volume,691.9
2023-07-03,Unit_Golf,leave_usage,12.7
2023-07-03,Unit_Golf,grievances,1.2
2023-07-03,Unit_Golf,workers_comp_claims,0.1
2023-07-03,Unit_Golf,attrition,1.7
2023-07-10,Unit_Golf,headcount,111.6
2023-07-10,Unit_Golf,workload_volume,712.6
2023-07-10,Unit_Golf,leave_usage,13.1
2023-07-10,Unit_Golf,grievances,0.9
2023-07-10,Unit_Golf,workers_comp_claims,0.5
2023-07-10,Unit_Golf,attrition,2.5
2023-07-17,Unit_Golf,headcount,107.2
2023-07-17,Unit_Golf,workload_volume,640.0
2023-07-17,Unit_Golf,leave_usage,12.4
2023-07-17,Unit_Golf,grievances,2.4
2023-07-17,Unit_Golf,workers_comp_claims,0.2
2023-07-17,Unit_Golf,attrition,1.5
2023-07-24,Unit_Golf,headcount,111.5
2023-07-24,Unit_Golf,workload_volume,620.5
2023-07-24,Unit_Golf,leave_usage,11.4
2023-07-24,Unit_Golf,grievances,0.0
2023-07-24,Unit_Golf,workers_comp_claims,0.8
2023-07-24,Unit_Golf,attrition,1.5
2023-07-31,Unit_Golf,headcount,111.5
2023-07-31,Unit_Golf,workload_volume,653.2
2023-07-31,Unit_Golf,leave_usage,12.3
2023-07-31,Unit_Golf,grievances,1.0
2023-07-31,Unit_Golf,workers_comp_claims,1.0
2023-07-31,Unit_Golf,attrition,1.3
2023-08-07,Unit_Golf,headcount,110.8
2023-08-07,Unit_Golf,workload_volume,675.7
2023-08-07,Unit_Golf,leave_usage,10.1
2023-08-07,Unit_Golf,grievances,0.2
2023-08-07,Unit_Golf,workers_comp_claims,0.8
2023-08-07,Unit_Golf,attrition,2.3
2023-08-14,Unit_Golf,headcount,107.8
2023-08-14,Unit_Golf,workload_volume,628.9
2023-08-14,Unit_Golf,leave_usage,16.0
2023-08-14,Unit_Golf,grievances,0.0
2023-08-14,Unit_Golf,workers_comp_claims,1.3
2023-08-14,Unit_Golf,attrition,1.4
2023-08-21,Unit_Golf,headcount,110.5
2023-08-21,Unit_Golf,workload_volume,681.8
2023-08-21,Unit_Golf,leave_usage,10.7
2023-08-21,Unit_Golf,grievances,0.6
2023-08-21,Unit_Golf,workers_comp_claims,0.7
2023-08-21,Unit_Golf,attrition,2.2
2023-08-28,Unit_Golf,headcount,107.4
2023-08-28,Unit_Golf,workload_volume,598.1
2023-08-28,Unit_Golf,leave_usage,11.0
2023-08-28,Unit_Golf,grievances,0.7
2023-08-28,Unit_Golf,workers_comp_claims,0.0
2023-08-28,Unit_Golf,attrition,1.6
2023-09-04,Unit_Golf,headcount,109.4
2023-09-04,Unit_Golf,workload_volume,626.6
2023-09-04,Unit_Golf,leave_usage,11.9
2023-09-04,Unit_Golf,grievances,2.9
2023-09-04,Unit_Golf,workers_comp_claims,1.2
2023-09-04,Unit_Golf,attrition,0.6
2023-09-11,Unit_Golf,headcount,112.3
2023-09-11,Unit_Golf,workload_volume,716.3
2023-09-11,Unit_Golf,leave_usage,14.5
2023-09-11,Unit_Golf,grievances,0.5
2023-09-11,Unit_Golf,workers_comp_claims,0.2
2023-09-11,Unit_Golf,attrition,1.5
2023-09-18,Unit_Golf,headcount,111.8
2023-09-18,Unit_Golf,workload_volume,713.1
2023-09-18,Unit_Golf,leave_usage,12.6
2023-09-18,Unit_Golf,grievances,0.0
2023-09-18,Unit_Golf,workers_comp_claims,0.9
2023-09-18,Unit_Golf,attrition,1.1
2023-09-25,Unit_Golf,headcount,110.0
2023-09-25,Unit_Golf,workload_volume,663.3
2023-09-25,Unit_Golf,leave_usage,10.7
2023-09-25,Unit_Golf,grievances,0.8
2023-09-25,Unit_Golf,workers_comp_claims,1.3
2023-09-25,Unit_Golf,attrition,1.8
2023-10-02,Unit_Golf,headcount,107.9
2023-10-02,Unit_Golf,workload_volume,632.1
2023-10-02,Unit_Golf,leave_usage,14.4
2023-10-02,Unit_Golf,grievances,0.0
2023-10-02,Unit_Golf,workers_comp_claims,0.7
2023-10-02,Unit_Golf,attrition,1.1
2023-10-09,Unit_Golf,headcount,111.4
2023-10-09,Unit_Golf,workload_volume,631.6
2023-10-09,Unit_Golf,leave_usage,13.7
2023-10-09,Unit_Golf,grievances,0.5
2023-10-09,Unit_Golf,workers_comp_claims,0.0
2023-10-09,Unit_Golf,attrition,2.4
2023-10-16,Unit_Golf,headcount,110.0
2023-10-16,Unit_Golf,workload_volume,664.4
2023-10-16,Unit_Golf,leave_usage,13.4
2023-10-16,Unit_Golf,grievances,0.6
2023-10-16,Unit_Golf,workers_comp_claims,0.0
2023-10-16,Unit_Golf,attrition,1.7
2023-10-23,Unit_Golf,headcount,104.9
2023-10-23,Unit_Golf,workload_volume,715.2
2023-10-23,Unit_Golf,leave_usage,13.6
2023-10-23,Unit_Golf,grievances,1.2
2023-10-23,Unit_Golf,workers_comp_claims,1.1
2023-10-23,Unit_Golf,attrition,1.7
2023-10-30,Unit_Golf,headcount,111.7
2023-10-30,Unit_Golf,workload_volume,729.4
2023-10-30,Unit_Golf,leave_usage,16.1
2023-10-30,Unit_Golf,grievances,1.4
2023-10-30,Unit_Golf,workers_comp_claims,0.4
2023-10-30,Unit_Golf,attrition,2.2
2023-11-06,Unit_Golf,headcount,109.9
2023-11-06,Unit_Golf,workload_volume,658.1
2023-11-06,Unit_Golf,leave_usage,15.8
2023-11-06,Unit_Golf,grievances,0.2
2023-11-06,Unit_Golf,workers_comp_claims,0.5
2023-11-06,Unit_Golf,attrition,2.4
2023-11-13,Unit_Golf,headcount,112.6
2023-11-13,Unit_Golf,workload_volume,625.1
2023-11-13,Unit_Golf,leave_usage,11.5
2023-11-13,Unit_Golf,grievances,0.5
2023-11-13,Unit_Golf,workers_comp_claims,0.9
2023-11-13,Unit_Golf,attrition,1.8
2023-11-20,Unit_Golf,headcount,107.6
2023-11-20,Unit_Golf,workload_volume,696.1
2023-11-20,Unit_Golf,leave_usage,15.0
2023-11-20,Unit_Golf,grievances,0.0
2023-11-20,Unit_Golf,workers_comp_claims,0.8
2023-11-20,Unit_Golf,attrition,1.3
2023-11-27,Unit_Golf,headcount,103.0
2023-11-27,Unit_Golf,workload_volume,641.4
2023-11-27,Unit_Golf,leave_usage,13.1
2023-11-27,Unit_Golf,grievances,0.0
2023-11-27,Unit_Golf,workers_comp_claims,0.6
2023-11-27,Unit_Golf,attrition,0.7
2023-12-04,Unit_Golf,headcount,110.6
2023-12-04,Unit_Golf,workload_volume,656.5
2023-12-04,Unit_Golf,leave_usage,13.3
2023-12-04,Unit_Golf,grievances,0.9
2023-12-04,Unit_Golf,workers_comp_claims,0.4
2023-12-04,Unit_Golf,attrition,1.4
2023-12-11,Unit_Golf,headcount,110.6
2023-12-11,Unit_Golf,workload_volume,748.5
2023-12-11,Unit_Golf,leave_usage,10.0
2023-12-11,Unit_Golf,grievances,0.0
2023-12-11,Unit_Golf,workers_comp_claims,0.3
2023-12-11,Unit_Golf,attrition,1.4
2023-12-18,Unit_Golf,headcount,106.3
2023-12-18,Unit_Golf,workload_volume,723.3
2023-12-18,Unit_Golf,leave_usage,12.3
2023-12-18,Unit_Golf,grievances,0.3
2023-12-18,Unit_Golf,workers_comp_claims,0.9
2023-12-18,Unit_Golf,attrition,1.9
2023-12-25,Unit_Golf,headcount,107.8
2023-12-25,Unit_Golf,workload_volume,689.7
2023-12-25,Unit_Golf,leave_usage,11.3
2023-12-25,Unit_Golf,grievances,0.0
2023-12-25,Unit_Golf,workers_comp_claims,0.8
2023-12-25,Unit_Golf,attrition,1.6
2024-01-01,Unit_Golf,headcount,116.1
2024-01-01,Unit_Golf,workload_volume,617.9
2024-01-01,Unit_Golf,leave_usage,13.8
2024-01-01,Unit_Golf,grievances,1.0
2024-01-01,Unit_Golf,workers_comp_claims,0.4
2024-01-01,Unit_Golf,attrition,2.2
2024-01-08,Unit_Golf,headcount,109.3
2024-01-08,Unit_Golf,workload_volume,691.8
2024-01-08,Unit_Golf,leave_usage,14.1
2024-01-08,Unit_Golf,grievances,2.0
2024-01-08,Unit_Golf,workers_comp_claims,1.0
2024-01-08,Unit_Golf,attrition,1.4
2024-01-15,Unit_Golf,headcount,111.6
2024-01-15,Unit_Golf,workload_volume,734.1
2024-01-15,Unit_Golf,leave_usage,9.4
2024-01-15,Unit_Golf,grievances,0.0
2024-01-15,Unit_Golf,workers_comp_claims,0.4
2024-01-15,Unit_Golf,attrition,1.8
2024-01-22,Unit_Golf,headcount,108.6
2024-01-22,Unit_Golf,workload_volume,661.8
2024-01-22,Unit_Golf,leave_usage,12.5
2024-01-22,Unit_Golf,grievances,0.0
2024-01-22,Unit_Golf,workers_comp_claims,0.1
2024-01-22,Unit_Golf,attrition,2.5
2024-01-29,Unit_Golf,headcount,105.4
2024-01-29,Unit_Golf,workload_volume,747.8
2024-01-29,Unit_Golf,leave_usage,14.2
2024-01-29,Unit_Golf,grievances,0.5
2024-01-29,Unit_Golf,workers_comp_claims,0.1
2024-01-29,Unit_Golf,attrition,2.0
2024-02-05,Unit_Golf,headcount,109.6
2024-02-05,Unit_Golf,workload_volume,744.5
2024-02-05,Unit_Golf,leave_usage,12.2
2024-02-05,Unit_Golf,grievances,0.6
2024-02-05,Unit_Golf,workers_comp_claims,0.0
2024-02-05,Unit_Golf,attrition,1.8
2024-02-12,Unit_Golf,headcount,109.4
2024-02-12,Unit_Golf,workload_volume,762.7
2024-02-12,Unit_Golf,leave_usage,13.6
2024-02-12,Unit_Golf,grievances,0.8
2024-02-12,Unit_Golf,workers_comp_claims,0.3
2024-02-12,Unit_Golf,attrition,1.4
2024-02-19,Unit_Golf,headcount,109.1
2024-02-19,Unit_Golf,workload_volume,694.3
2024-02-19,Unit_Golf,leave_usage,13.0
2024-02-19,Unit_Golf,grievances,0.2
2024-02-19,Unit_Golf,workers_comp_claims,1.1
2024-02-19,Unit_Golf,attrition,1.4
2024-02-26,Unit_Golf,headcount,109.7
2024-02-26,Unit_Golf,workload_volume,708.0
2024-02-26,Unit_Golf,leave_usage,12.9
2024-02-26,Unit_Golf,grievances,0.4
2024-02-26,Unit_Golf,workers_comp_claims,0.1
2024-02-26,Unit_Golf,attrition,1.3
2024-03-04,Unit_Golf,headcount,110.6
2024-03-04,Unit_Golf,workload_volume,748.9
2024-03-04,Unit_Golf,leave_usage,12.0
2024-03-04,Unit_Golf,grievances,0.9
2024-03-04,Unit_Golf,workers_comp_claims,0.6
2024-03-04,Unit_Golf,attrition,1.5
2024-03-11,Unit_Golf,headcount,109.7
2024-03-11,Unit_Golf,workload_volume,700.1
2024-03-11,Unit_Golf,leave_usage,10.6
2024-03-11,Unit_Golf,grievances,1.4
2024-03-11,Unit_Golf,workers_comp_claims,0.2
2024-03-11,Unit_Golf,attrition,2.3
2024-03-18,Unit_Golf,headcount,107.2
2024-03-18,Unit_Golf,workload_volume,652.1
2024-03-18,Unit_Golf,leave_usage,10.7
2024-03-18,Unit_Golf,grievances,0.0
2024-03-18,Unit_Golf,workers_comp_claims,0.4
2024-03-18,Unit_Golf,attrition,1.7
2024-03-25,Unit_Golf,headcount,111.1
2024-03-25,Unit_Golf,workload_volume,654.2
2024-03-25,Unit_Golf,leave_usage,13.4
2024-03-25,Unit_Golf,grievances,0.3
2024-03-25,Unit_Golf,workers_comp_claims,0.0
2024-03-25,Unit_Golf,attrition,1.0
2024-04-01,Unit_Golf,headcount,105.7
2024-04-01,Unit_Golf,workload_volume,688.0
2024-04-01,Unit_Golf,leave_usage,12.4
2024-04-01,Unit_Golf,grievances,0.8
2024-04-01,Unit_Golf,workers_comp_claims,0.4
2024-04-01,Unit_Golf,attrition,2.9
2024-04-08,Unit_Golf,headcount,105.5
2024-04-08,Unit_Golf,workload_volume,611.0
2024-04-08,Unit_Golf,leave_usage,12.1
2024-04-08,Unit_Golf,grievances,0.0
2024-04-08,Unit_Golf,workers_comp_claims,0.4
2024-04-08,Unit_Golf,attrition,2.0
2024-04-15,Unit_Golf,headcount,111.6
2024-04-15,Unit_Golf,workload_volume,667.8
2024-04-15,Unit_Golf,leave_usage,11.7
2024-04-15,Unit_Golf,grievances,2.0
2024-04-15,Unit_Golf,workers_comp_claims,0.8
2024-04-15,Unit_Golf,attrition,1.0
2024-04-22,Unit_Golf,headcount,111.1
2024-04-22,Unit_Golf,workload_volume,729.2
2024-04-22,Unit_Golf,leave_usage,11.9
2024-04-22,Unit_Golf,grievances,0.1
2024-04-22,Unit_Golf,workers_comp_claims,0.6
2024-04-22,Unit_Golf,attrition,1.5
2024-04-29,Unit_Golf,headcount,109.9
2024-04-29,Unit_Golf,workload_volume,564.2
2024-04-29,Unit_Golf,leave_usage,13.9
2024-04-29,Unit_Golf,grievances,0.6
2024-04-29,Unit_Golf,workers_comp_claims,0.0
2024-04-29,Unit_Golf,attrition,1.9
2024-05-06,Unit_Golf,headcount,106.9
2024-05-06,Unit_Golf,workload_volume,749.8
2024-05-06,Unit_Golf,leave_usage,11.8
2024-05-06,Unit_Golf,grievances,1.0
2024-05-06,Unit_Golf,workers_comp_claims,1.0
2024-05-06,Unit_Golf,attrition,2.8
2024-05-13,Unit_Golf,headcount,108.4
2024-05-13,Unit_Golf,workload_volume,728.5
2024-05-13,Unit_Golf,leave_usage,10.3
2024-05-13,Unit_Golf,grievances,0.1
2024-05-13,Unit_Golf,workers_comp_claims,0.6
2024-05-13,Unit_Golf,attrition,1.1
2024-05-20,Unit_Golf,headcount,109.4
2024-05-20,Unit_Golf,workload_volume,648.7
2024-05-20,Unit_Golf,leave_usage,13.4
2024-05-20,Unit_Golf,grievances,0.0
2024-05-20,Unit_Golf,workers_comp_claims,0.6
2024-05-20,Unit_Golf,attrition,2.4
2024-05-27,Unit_Golf,headcount,106.5
2024-05-27,Unit_Golf,workload_volume,698.2
2024-05-27,Unit_Golf,leave_usage,11.9
2024-05-27,Unit_Golf,grievances,0.3
2024-05-27,Unit_Golf,workers_comp_claims,0.5
2024-05-27,Unit_Golf,attrition,2.6
2024-06-03,Unit_Golf,headcount,108.4
2024-06-03,Unit_Golf,workload_volume,670.4
2024-06-03,Unit_Golf,leave_usage,12.3
2024-06-03,Unit_Golf,grievances,1.4
2024-06-03,Unit_Golf,workers_comp_claims,0.2
2024-06-03,Unit_Golf,attrition,1.4
2024-06-10,Unit_Golf,headcount,111.4
2024-06-10,Unit_Golf,workload_volume,731.0
2024-06-10,Unit_Golf,leave_usage,14.6
2024-06-10,Unit_Golf,grievances,0.3
2024-06-10,Unit_Golf,workers_comp_claims,0.6
2024-06-10,Unit_Golf,attrition,1.6
2024-06-17,Unit_Golf,headcount,113.1
2024-06-17,Unit_Golf,workload_volume,717.9
2024-06-17,Unit_Golf,leave_usage,12.1
2024-06-17,Unit_Golf,grievances,0.0
2024-06-17,Unit_Golf,workers_comp_claims,0.7
2024-06-17,Unit_Golf,attrition,1.2
2024-06-24,Unit_Golf,headcount,109.1
2024-06-24,Unit_Golf,workload_volume,597.9
2024-06-24,Unit_Golf,leave_usage,12.6
2024-06-24,Unit_Golf,grievances,1.3
2024-06-24,Unit_Golf,workers_comp_claims,0.0
2024-06-24,Unit_Golf,attrition,1.7
2022-01-03,Unit_Hotel,headcount,74.9
2022-01-03,Unit_Hotel,workload_volume,872.3
2022-01-03,Unit_Hotel,leave_usage,10.1
2022-01-03,Unit_Hotel,grievances,1.1
2022-01-03,Unit_Hotel,workers_comp_claims,0.2
2022-01-03,Unit_Hotel,attrition,3.3
2022-01-10,Unit_Hotel,headcount,76.0
2022-01-10,Unit_Hotel,workload_volume,888.7
2022-01-10,Unit_Hotel,leave_usage,13.4
2022-01-10,Unit_Hotel,grievances,0.5
2022-01-10,Unit_Hotel,workers_comp_claims,1.5
2022-01-10,Unit_Hotel,attrition,1.9
2022-01-17,Unit_Hotel,headcount,76.6
2022-01-17,Unit_Hotel,workload_volume,865.2
2022-01-17,Unit_Hotel,leave_usage,9.7
2022-01-17,Unit_Hotel,grievances,1.4
2022-01-17,Unit_Hotel,workers_comp_claims,1.7
2022-01-17,Unit_Hotel,attrition,3.0
2022-01-24,Unit_Hotel,headcount,73.9
2022-01-24,Unit_Hotel,workload_volume,923.4
2022-01-24,Unit_Hotel,leave_usage,10.0
2022-01-24,Unit_Hotel,grievances,0.1
2022-01-24,Unit_Hotel,workers_comp_claims,0.9
2022-01-24,Unit_Hotel,attrition,2.2
2022-01-31,Unit_Hotel,headcount,72.0
2022-01-31,Unit_Hotel,workload_volume,961.9
2022-01-31,Unit_Hotel,leave_usage,10.3
2022-01-31,Unit_Hotel,grievances,0.0
2022-01-31,Unit_Hotel,workers_comp_claims,1.5
2022-01-31,Unit_Hotel,attrition,2.6
2022-02-07,Unit_Hotel,headcount,75.0
2022-02-07,Unit_Hotel,workload_volume,820.0
2022-02-07,Unit_Hotel,leave_usage,9.1
2022-02-07,Unit_Hotel,grievances,0.0
2022-02-07,Unit_Hotel,workers_comp_claims,0.4
2022-02-07,Unit_Hotel,attrition,2.1
2022-02-14,Unit_Hotel,headcount,75.4
2022-02-14,Unit_Hotel,workload_volume,929.0
2022-02-14,Unit_Hotel,leave_usage,7.7
2022-02-14,Unit_Hotel,grievances,0.0
2022-02-14,Unit_Hotel,workers_comp_claims,0.3
2022-02-14,Unit_Hotel,attrition,3.2
2022-02-21,Unit_Hotel,headcount,75.4
2022-02-21,Unit_Hotel,workload_volume,896.1
2022-02-21,Unit_Hotel,leave_usage,10.7
2022-02-21,Unit_Hotel,grievances,0.5
2022-02-21,Unit_Hotel,workers_comp_claims,0.7
2022-02-21,Unit_Hotel,attrition,2.2
2022-02-28,Unit_Hotel,headcount,74.5
2022-02-28,Unit_Hotel,workload_volume,917.0
2022-02-28,Unit_Hotel,leave_usage,11.3
2022-02-28,Unit_Hotel,grievances,0.7
2022-02-28,Unit_Hotel,workers_comp_claims,0.9
2022-02-28,Unit_Hotel,attrition,3.0
2022-03-07,Unit_Hotel,headcount,75.2
2022-03-07,Unit_Hotel,workload_volume,935.7
2022-03-07,Unit_Hotel,leave_usage,11.0
2022-03-07,Unit_Hotel,grievances,0.4
2022-03-07,Unit_Hotel,workers_comp_claims,0.5
2022-03-07,Unit_Hotel,attrition,2.5
2022-03-14,Unit_Hotel,headcount,77.3
2022-03-14,Unit_Hotel,workload_volume,904.8
2022-03-14,Unit_Hotel,leave_usage,10.9
2022-03-14,Unit_Hotel,grievances,1.9
2022-03-14,Unit_Hotel,workers_comp_claims,1.0
2022-03-14,Unit_Hotel,attrition,2.6
2022-03-21,Unit_Hotel,headcount,75.6
2022-03-21,Unit_Hotel,workload_volume,910.4
2022-03-21,Unit_Hotel,leave_usage,11.2
2022-03-21,Unit_Hotel,grievances,1.9
2022-03-21,Unit_Hotel,workers_comp_claims,0.9
2022-03-21,Unit_Hotel,attrition,2.8
2022-03-28,Unit_Hotel,headcount,74.4
2022-03-28,Unit_Hotel,workload_volume,906.3
2022-03-28,Unit_Hotel,leave_usage,12.7
2022-03-28,Unit_Hotel,grievances,0.6
2022-03-28,Unit_Hotel,workers_comp_claims,0.2
2022-03-28,Unit_Hotel,attrition,2.2
2022-04-04,Unit_Hotel,headcount,74.2
2022-04-04,Unit_Hotel,workload_volume,966.9
2022-04-04,Unit_Hotel,leave_usage,11.0
2022-04-04,Unit_Hotel,grievances,0.0
2022-04-04,Unit_Hotel,workers_comp_claims,1.0
2022-04-04,Unit_Hotel,attrition,2.8
2022-04-11,Unit_Hotel,headcount,74.7
2022-04-11,Unit_Hotel,workload_volume,940.7
2022-04-11,Unit_Hotel,leave_usage,10.4
2022-04-11,Unit_Hotel,grievances,0.4
2022-04-11,Unit_Hotel,workers_comp_claims,1.2
2022-04-11,Unit_Hotel,attrition,3.6
2022-04-18,Unit_Hotel,headcount,77.5
2022-04-18,Unit_Hotel,workload_volume,932.2
2022-04-18,Unit_Hotel,leave_usage,10.9
2022-04-18,Unit_Hotel,grievances,0.4
2022-04-18,Unit_Hotel,workers_comp_claims,0.8
2022-04-18,Unit_Hotel,attrition,2.2
2022-04-25,Unit_Hotel,headcount,74.7
2022-04-25,Unit_Hotel,workload_volume,859.0
2022-04-25,Unit_Hotel,leave_usage,12.2
2022-04-25,Unit_Hotel,grievances,0.4
2022-04-25,Unit_Hotel,workers_comp_claims,1.3
2022-04-25,Unit_Hotel,attrition,3.4
2022-05-02,Unit_Hotel,headcount,75.0
2022-05-02,Unit_Hotel,workload_volume,905.0
2022-05-02,Unit_Hotel,leave_usage,13.5
2022-05-02,Unit_Hotel,grievances,0.3
2022-05-02,Unit_Hotel,workers_comp_claims,0.1
2022-05-02,Unit_Hotel,attrition,3.6
2022-05-09,Unit_Hotel,headcount,74.3
2022-05-09,Unit_Hotel,workload_volume,970.2
2022-05-09,Unit_Hotel,leave_usage,10.5
2022-05-09,Unit_Hotel,grievances,0.4
2022-05-09,Unit_Hotel,workers_comp_claims,1.0
2022-05-09,Unit_Hotel,attrition,2.2
2022-05-16,Unit_Hotel,headcount,76.6
2022-05-16,Unit_Hotel,workload_volume,928.5
2022-05-16,Unit_Hotel,leave_usage,11.6
2022-05-16,Unit_Hotel,grievances,0.6
2022-05-16,Unit_Hotel,workers_comp_claims,0.1
2022-05-16,Unit_Hotel,attrition,1.8
2022-05-23,Unit_Hotel,headcount,77.9
2022-05-23,Unit_Hotel,workload_volume,961.0
2022-05-23,Unit_Hotel,leave_usage,12.0
2022-05-23,Unit_Hotel,grievances,0.4
2022-05-23,Unit_Hotel,workers_comp_claims,0.2
2022-05-23,Unit_Hotel,attrition,2.9
2022-05-30,Unit_Hotel,headcount,75.7
2022-05-30,Unit_Hotel,workload_volume,1017.7
2022-05-30,Unit_Hotel,leave_usage,10.0
2022-05-30,Unit_Hotel,grievances,1.1
2022-05-30,Unit_Hotel,workers_comp_claims,0.4
2022-05-30,Unit_Hotel,attrition,2.4
2022-06-06,Unit_Hotel,headcount,75.1
2022-06-06,Unit_Hotel,workload_volume,982.6
2022-06-06,Unit_Hotel,leave_usage,11.6
2022-06-06,Unit_Hotel,grievances,1.2
2022-06-06,Unit_Hotel,workers_comp_claims,0.2
2022-06-06,Unit_Hotel,attrition,3.8
2022-06-13,Unit_Hotel,headcount,75.1
2022-06-13,Unit_Hotel,workload_volume,936.6
2022-06-13,Unit_Hotel,leave_usage,9.4
2022-06-13,Unit_Hotel,grievances,0.2
2022-06-13,Unit_Hotel,workers_comp_claims,0.4
2022-06-13,Unit_Hotel,attrition,2.7
2022-06-20,Unit_Hotel,headcount,71.4
2022-06-20,Unit_Hotel,workload_volume,907.8
2022-06-20,Unit_Hotel,leave_usage,8.9
2022-06-20,Unit_Hotel,grievances,1.9
2022-06-20,Unit_Hotel,workers_comp_claims,0.6
2022-06-20,Unit_Hotel,attrition,2.2
2022-06-27,Unit_Hotel,headcount,76.1
2022-06-27,Unit_Hotel,workload_volume,806.9
2022-06-27,Unit_Hotel,leave_usage,12.2
2022-06-27,Unit_Hotel,grievances,0.1
2022-06-27,Unit_Hotel,workers_comp_claims,1.1
2022-06-27,Unit_Hotel,attrition,2.0
2022-07-04,Unit_Hotel,headcount,75.2
2022-07-04,Unit_Hotel,workload_volume,927.5
2022-07-04,Unit_Hotel,leave_usage,11.1
2022-07-04,Unit_Hotel,grievances,0.0
2022-07-04,Unit_Hotel,workers_comp_claims,0.6
2022-07-04,Unit_Hotel,attrition,3.4
2022-07-11,Unit_Hotel,headcount,75.6
2022-07-11,Unit_Hotel,workload_volume,920.9
2022-07-11,Unit_Hotel,leave_usage,12.0
2022-07-11,Unit_Hotel,grievances,1.2
2022-07-11,Unit_Hotel,workers_comp_claims,0.0
2022-07-11,Unit_Hotel,attrition,2.4
2022-07-18,Unit_Hotel,headcount,73.9
2022-07-18,Unit_Hotel,workload_volume,958.0
2022-07-18,Unit_Hotel,leave_usage,11.7
2022-07-18,Unit_Hotel,grievances,0.2
2022-07-18,Unit_Hotel,workers_comp_claims,1.3
2022-07-18,Unit_Hotel,attrition,2.7
2022-07-25,Unit_Hotel,headcount,74.4
2022-07-25,Unit_Hotel,workload_volume,932.0
2022-07-25,Unit_Hotel,leave_usage,10.3
2022-07-25,Unit_Hotel,grievances,1.2
2022-07-25,Unit_Hotel,workers_comp_claims,0.3
2022-07-25,Unit_Hotel,attrition,3.3
2022-08-01,Unit_Hotel,headcount,74.4
2022-08-01,Unit_Hotel,workload_volume,925.0
2022-08-01,Unit_Hotel,leave_usage,11.7
2022-08-01,Unit_Hotel,grievances,0.0
2022-08-01,Unit_Hotel,workers_comp_claims,0.7
2022-08-01,Unit_Hotel,attrition,2.4
2022-08-08,Unit_Hotel,headcount,76.5
2022-08-08,Unit_Hotel,workload_volume,853.3
2022-08-08,Unit_Hotel,leave_usage,10.0
2022-08-08,Unit_Hotel,grievances,2.0
2022-08-08,Unit_Hotel,workers_comp_claims,0.9
2022-08-08,Unit_Hotel,attrition,2.7
2022-08-15,Unit_Hotel,headcount,74.4
2022-08-15,Unit_Hotel,workload_volume,896.5
2022-08-15,Unit_Hotel,leave_usage,13.9
2022-08-15,Unit_Hotel,grievances,1.4
2022-08-15,Unit_Hotel,workers_comp_claims,0.8
2022-08-15,Unit_Hotel,attrition,2.7
2022-08-22,Unit_Hotel,headcount,78.1
2022-08-22,Unit_Hotel,workload_volume,968.5
2022-08-22,Unit_Hotel,leave_usage,9.8
2022-08-22,Unit_Hotel,grievances,0.0
2022-08-22,Unit_Hotel,workers_comp_claims,1.3
2022-08-22,Unit_Hotel,attrition,3.1
2022-08-29,Unit_Hotel,headcount,75.6
2022-08-29,Unit_Hotel,workload_volume,1031.7
2022-08-29,Unit_Hotel,leave_usage,11.6
2022-08-29,Unit_Hotel,grievances,0.0
2022-08-29,Unit_Hotel,workers_comp_claims,1.0
2022-08-29,Unit_Hotel,attrition,3.1
2022-09-05,Unit_Hotel,headcount,73.1
2022-09-05,Unit_Hotel,workload_volume,942.2
2022-09-05,Unit_Hotel,leave_usage,10.4
2022-09-05,Unit_Hotel,grievances,2.2
2022-09-05,Unit_Hotel,workers_comp_claims,0.3
2022-09-05,Unit_Hotel,attrition,2.6
2022-09-12,Unit_Hotel,headcount,74.8
2022-09-12,Unit_Hotel,workload_volume,964.6
2022-09-12,Unit_Hotel,leave_usage,12.8
2022-09-12,Unit_Hotel,grievances,0.3
2022-09-12,Unit_Hotel,workers_comp_claims,1.8
2022-09-12,Unit_Hotel,attrition,2.7
2022-09-19,Unit_Hotel,headcount,74.0
2022-09-19,Unit_Hotel,workload_volume,997.0
2022-09-19,Unit_Hotel,leave_usage,11.5
2022-09-19,Unit_Hotel,grievances,0.2
2022-09-19,Unit_Hotel,workers_comp_claims,0.8
2022-09-19,Unit_Hotel,attrition,2.5
2022-09-26,Unit_Hotel,headcount,71.7
2022-09-26,Unit_Hotel,workload_volume,910.0
2022-09-26,Unit_Hotel,leave_usage,11.2
2022-09-26,Unit_Hotel,grievances,0.0
2022-09-26,Unit_Hotel,workers_comp_claims,0.6
2022-09-26,Unit_Hotel,attrition,1.8
2022-10-03,Unit_Hotel,headcount,77.4
2022-10-03,Unit_Hotel,workload_volume,970.0
2022-10-03,Unit_Hotel,leave_usage,13.3
2022-10-03,Unit_Hotel,grievances,0.6
2022-10-03,Unit_Hotel,workers_comp_claims,1.2
2022-10-03,Unit_Hotel,attrition,2.9
2022-10-10,Unit_Hotel,headcount,76.1
2022-10-10,Unit_Hotel,workload_volume,915.8
2022-10-10,Unit_Hotel,leave_usage,12.1
2022-10-10,Unit_Hotel,grievances,0.7
2022-10-10,Unit_Hotel,workers_comp_claims,0.8
2022-10-10,Unit_Hotel,attrition,3.8
2022-10-17,Unit_Hotel,headcount,75.8
2022-10-17,Unit_Hotel,workload_volume,997.2
2022-10-17,Unit_Hotel,leave_usage,12.9
2022-10-17,Unit_Hotel,grievances,1.5
2022-10-17,Unit_Hotel,workers_comp_claims,0.9
2022-10-17,Unit_Hotel,attrition,2.2
2022-10-24,Unit_Hotel,headcount,75.2
2022-10-24,Unit_Hotel,workload_volume,962.6
2022-10-24,Unit_Hotel,leave_usage,10.7
2022-10-24,Unit_Hotel,grievances,0.0
2022-10-24,Unit_Hotel,workers_comp_claims,2.0
2022-10-24,Unit_Hotel,attrition,2.2
2022-10-31,Unit_Hotel,headcount,72.9
2022-10-31,Unit_Hotel,workload_volume,971.0
2022-10-31,Unit_Hotel,leave_usage,10.0
2022-10-31,Unit_Hotel,grievances,0.0
2022-10-31,Unit_Hotel,workers_comp_claims,0.6
2022-10-31,Unit_Hotel,attrition,2.2
2022-11-07,Unit_Hotel,headcount,74.3
2022-11-07,Unit_Hotel,workload_volume,918.0
2022-11-07,Unit_Hotel,leave_usage,12.3
2022-11-07,Unit_Hotel,grievances,1.3
2022-11-07,Unit_Hotel,workers_comp_claims,0.6
2022-11-07,Unit_Hotel,attrition,3.1
2022-11-14,Unit_Hotel,headcount,76.3
2022-11-14,Unit_Hotel,workload_volume,993.5
2022-11-14,Unit_Hotel,leave_usage,11.7
2022-11-14,Unit_Hotel,grievances,1.7
2022-11-14,Unit_Hotel,workers_comp_claims,0.8
2022-11-14,Unit_Hotel,attrition,3.0
2022-11-21,Unit_Hotel,headcount,73.4
2022-11-21,Unit_Hotel,workload_volume,1063.4
2022-11-21,Unit_Hotel,leave_usage,13.2
2022-11-21,Unit_Hotel,grievances,0.0
2022-11-21,Unit_Hotel,workers_comp_claims,1.3
2022-11-21,Unit_Hotel,attrition,2.6
2022-11-28,Unit_Hotel,headcount,71.2
2022-11-28,Unit_Hotel,workload_volume,909.8
2022-11-28,Unit_Hotel,leave_usage,12.1
2022-11-28,Unit_Hotel,grievances,1.8
2022-11-28,Unit_Hotel,workers_comp_claims,0.0
2022-11-28,Unit_Hotel,attrition,2.2
2022-12-05,Unit_Hotel,headcount,74.7
2022-12-05,Unit_Hotel,workload_volume,944.2
2022-12-05,Unit_Hotel,leave_usage,12.6
2022-12-05,Unit_Hotel,grievances,0.9
2022-12-05,Unit_Hotel,workers_comp_claims,0.0
2022-12-05,Unit_Hotel,attrition,2.8
2022-12-12,Unit_Hotel,headcount,74.8
2022-12-12,Unit_Hotel,workload_volume,973.8
2022-12-12,Unit_Hotel,leave_usage,9.9
2022-12-12,Unit_Hotel,grievances,1.8
2022-12-12,Unit_Hotel,workers_comp_claims,0.4
2022-12-12,Unit_Hotel,attrition,1.8
2022-12-19,Unit_Hotel,headcount,75.2
2022-12-19,Unit_Hotel,workload_volume,1002.5
2022-12-19,Unit_Hotel,leave_usage,15.2
2022-12-19,Unit_Hotel,grievances,0.8
2022-12-19,Unit_Hotel,workers_comp_claims,0.0
2022-12-19,Unit_Hotel,attrition,2.8
2022-12-26,Unit_Hotel,headcount,76.1
2022-12-26,Unit_Hotel,workload_volume,936.1
2022-12-26,Unit_Hotel,leave_usage,12.1
2022-12-26,Unit_Hotel,grievances,0.0
2022-12-26,Unit_Hotel,workers_comp_claims,0.5
2022-12-26,Unit_Hotel,attrition,3.2
2023-01-02,Unit_Hotel,headcount,76.0
2023-01-02,Unit_Hotel,workload_volume,823.3
2023-01-02,Unit_Hotel,leave_usage,13.4
2023-01-02,Unit_Hotel,grievances,0.8
2023-01-02,Unit_Hotel,workers_comp_claims,1.0
2023-01-02,Unit_Hotel,attrition,2.0
2023-01-09,Unit_Hotel,headcount,75.4
2023-01-09,Unit_Hotel,workload_volume,1033.8
2023-01-09,Unit_Hotel,leave_usage,11.1
2023-01-09,Unit_Hotel,grievances,1.8
2023-01-09,Unit_Hotel,workers_comp_claims,0.3
2023-01-09,Unit_Hotel,attrition,1.8
2023-01-16,Unit_Hotel,headcount,76.8
2023-01-16,Unit_Hotel,workload_volume,1004.8
2023-01-16,Unit_Hotel,leave_usage,12.9
2023-01-16,Unit_Hotel,grievances,0.2
2023-01-16,Unit_Hotel,workers_comp_claims,0.0
2023-01-16,Unit_Hotel,attrition,3.7
2023-01-23,Unit_Hotel,headcount,72.7
2023-01-23,Unit_Hotel,workload_volume,880.5
2023-01-23,Unit_Hotel,leave_usage,10.5
2023-01-23,Unit_Hotel,grievances,0.6
2023-01-23,Unit_Hotel,workers_comp_claims,0.8
2023-01-23,Unit_Hotel,attrition,2.3
2023-01-30,Unit_Hotel,headcount,75.8
2023-01-30,Unit_Hotel,workload_volume,938.1
2023-01-30,Unit_Hotel,leave_usage,13.1
2023-01-30,Unit_Hotel,grievances,0.8
2023-01-30,Unit_Hotel,workers_comp_claims,1.2
2023-01-30,Unit_Hotel,attrition,3.4
2023-02-06,Unit_Hotel,headcount,75.9
2023-02-06,Unit_Hotel,workload_volume,1047.7
2023-02-06,Unit_Hotel,leave_usage,11.9
2023-02-06,Unit_Hotel,grievances,0.0
2023-02-06,Unit_Hotel,workers_comp_claims,0.0
2023-02-06,Unit_Hotel,attrition,2.6
2023-02-13,Unit_Hotel,headcount,73.1
2023-02-13,Unit_Hotel,workload_volume,1042.5
2023-02-13,Unit_Hotel,leave_usage,12.5
2023-02-13,Unit_Hotel,grievances,2.2
2023-02-13,Unit_Hotel,workers_comp_claims,1.1
2023-02-13,Unit_Hotel,attrition,2.6
2023-02-20,Unit_Hotel,headcount,72.7
2023-02-20,Unit_Hotel,workload_volume,1017.8
2023-02-20,Unit_Hotel,leave_usage,13.5
2023-02-20,Unit_Hotel,grievances,0.2
2023-02-20,Unit_Hotel,workers_comp_claims,1.1
2023-02-20,Unit_Hotel,attrition,3.0
2023-02-27,Unit_Hotel,headcount,73.9
2023-02-27,Unit_Hotel,workload_volume,962.9
2023-02-27,Unit_Hotel,leave_usage,10.7
2023-02-27,Unit_Hotel,grievances,1.3
2023-02-27,Unit_Hotel,workers_comp_claims,1.2
2023-02-27,Unit_Hotel,attrition,2.2
2023-03-06,Unit_Hotel,headcount,74.0
2023-03-06,Unit_Hotel,workload_volume,976.6
2023-03-06,Unit_Hotel,leave_usage,11.5
2023-03-06,Unit_Hotel,grievances,0.8
2023-03-06,Unit_Hotel,workers_comp_claims,1.3
2023-03-06,Unit_Hotel,attrition,2.8
2023-03-13,Unit_Hotel,headcount,76.1
2023-03-13,Unit_Hotel,workload_volume,966.6
2023-03-13,Unit_Hotel,leave_usage,13.2
2023-03-13,Unit_Hotel,grievances,1.9
2023-03-13,Unit_Hotel,workers_comp_claims,1.8
2023-03-13,Unit_Hotel,attrition,2.5
2023-03-20,Unit_Hotel,headcount,74.1
2023-03-20,Unit_Hotel,workload_volume,1030.2
2023-03-20,Unit_Hotel,leave_usage,15.7
2023-03-20,Unit_Hotel,grievances,1.2
2023-03-20,Unit_Hotel,workers_comp_claims,0.5
2023-03-20,Unit_Hotel,attrition,1.9
2023-03-27,Unit_Hotel,headcount,73.7
2023-03-27,Unit_Hotel,workload_volume,930.7
2023-03-27,Unit_Hotel,leave_usage,12.4
2023-03-27,Unit_Hotel,grievances,0.7
2023-03-27,Unit_Hotel,workers_comp_claims,0.8
2023-03-27,Unit_Hotel,attrition,2.9
2023-04-03,Unit_Hotel,headcount,74.1
2023-04-03,Unit_Hotel,workload_volume,934.9
2023-04-03,Unit_Hotel,leave_usage,13.5
2023-04-03,Unit_Hotel,grievances,0.2
2023-04-03,Unit_Hotel,workers_comp_claims,0.5
2023-04-03,Unit_Hotel,attrition,2.5
2023-04-10,Unit_Hotel,headcount,76.7
2023-04-10,Unit_Hotel,workload_volume,1026.3
2023-04-10,Unit_Hotel,leave_usage,12.5
2023-04-10,Unit_Hotel,grievances,1.5
2023-04-10,Unit_Hotel,workers_comp_claims,0.7
2023-04-10,Unit_Hotel,attrition,2.6
2023-04-17,Unit_Hotel,headcount,75.0
2023-04-17,Unit_Hotel,workload_volume,974.2
2023-04-17,Unit_Hotel,leave_usage,15.5
2023-04-17,Unit_Hotel,grievances,0.0
2023-04-17,Unit_Hotel,workers_comp_claims,1.5
2023-04-17,Unit_Hotel,attrition,2.0
2023-04-24,Unit_Hotel,headcount,74.7
2023-04-24,Unit_Hotel,workload_volume,1046.0
2023-04-24,Unit_Hotel,leave_usage,10.0
2023-04-24,Unit_Hotel,grievances,1.4
2023-04-24,Unit_Hotel,workers_comp_claims,0.1
2023-04-24,Unit_Hotel,attrition,3.7
2023-05-01,Unit_Hotel,headcount,74.8
2023-05-01,Unit_Hotel,workload_volume,944.0
2023-05-01,Unit_Hotel,leave_usage,12.8
2023-05-01,Unit_Hotel,grievances,0.0
2023-05-01,Unit_Hotel,workers_comp_claims,0.3
2023-05-01,Unit_Hotel,attrition,3.2
2023-05-08,Unit_Hotel,headcount,76.9
2023-05-08,Unit_Hotel,workload_volume,975.4
2023-05-08,Unit_Hotel,leave_usage,10.2
2023-05-08,Unit_Hotel,grievances,1.9
2023-05-08,Unit_Hotel,workers_comp_claims,1.4
2023-05-08,Unit_Hotel,attrition,3.3
2023-05-15,Unit_Hotel,headcount,73.9
2023-05-15,Unit_Hotel,workload_volume,932.6
2023-05-15,Unit_Hotel,leave_usage,8.9
2023-05-15,Unit_Hotel,grievances,1.0
2023-05-15,Unit_Hotel,workers_comp_claims,1.2
2023-05-15,Unit_Hotel,attrition,2.5
2023-05-22,Unit_Hotel,headcount,77.0
2023-05-22,Unit_Hotel,workload_volume,979.6
2023-05-22,Unit_Hotel,leave_usage,13.1
2023-05-22,Unit_Hotel,grievances,1.4
2023-05-22,Unit_Hotel,workers_comp_claims,0.5
2023-05-22,Unit_Hotel,attrition,1.7
2023-05-29,Unit_Hotel,headcount,75.3
2023-05-29,Unit_Hotel,workload_volume,905.8
2023-05-29,Unit_Hotel,leave_usage,12.9
2023-05-29,Unit_Hotel,grievances,1.0
2023-05-29,Unit_Hotel,workers_comp_claims,1.2
2023-05-29,Unit_Hotel,attrition,3.9
2023-06-05,Unit_Hotel,headcount,74.8
2023-06-05,Unit_Hotel,workload_volume,955.8
2023-06-05,Unit_Hotel,leave_usage,12.3
2023-06-05,Unit_Hotel,grievances,0.0
2023-06-05,Unit_Hotel,workers_comp_claims,0.9
2023-06-05,Unit_Hotel,attrition,2.7
2023-06-12,Unit_Hotel,headcount,78.8
2023-06-12,Unit_Hotel,workload_volume,908.8
2023-06-12,Unit_Hotel,leave_usage,12.6
2023-06-12,Unit_Hotel,grievances,0.2
2023-06-12,Unit_Hotel,workers_comp_claims,1.5
2023-06-12,Unit_Hotel,attrition,2.3
2023-06-19,Unit_Hotel,headcount,73.4
2023-06-19,Unit_Hotel,workload_volume,1015.7
2023-06-19,Unit_Hotel,leave_usage,17.4
2023-06-19,Unit_Hotel,grievances,1.4
2023-06-19,Unit_Hotel,workers_comp_claims,0.8
2023-06-19,Unit_Hotel,attrition,3.0
2023-06-26,Unit_Hotel,headcount,74.5
2023-06-26,Unit_Hotel,workload_volume,1017.2
2023-06-26,Unit_Hotel,leave_usage,12.4
2023-06-26,Unit_Hotel,grievances,1.0
2023-06-26,Unit_Hotel,workers_comp_claims,1.2
2023-06-26,Unit_Hotel,attrition,3.4
2023-07-03,Unit_Hotel,headcount,73.2
2023-07-03,Unit_Hotel,workload_volume,895.3
2023-07-03,Unit_Hotel,leave_usage,13.5
2023-07-03,Unit_Hotel,grievances,1.8
2023-07-03,Unit_Hotel,workers_comp_claims,2.0
2023-07-03,Unit_Hotel,attrition,2.7
2023-07-10,Unit_Hotel,headcount,76.4
2023-07-10,Unit_Hotel,workload_volume,1048.8
2023-07-10,Unit_Hotel,leave_usage,11.8
2023-07-10,Unit_Hotel,grievances,1.2
2023-07-10,Unit_Hotel,workers_comp_claims,1.0
2023-07-10,Unit_Hotel,attrition,3.5
2023-07-17,Unit_Hotel,headcount,77.5
2023-07-17,Unit_Hotel,workload_volume,1107.3
2023-07-17,Unit_Hotel,leave_usage,13.2
2023-07-17,Unit_Hotel,grievances,0.1
2023-07-17,Unit_Hotel,workers_comp_claims,0.7
2023-07-17,Unit_Hotel,attrition,3.4
2023-07-24,Unit_Hotel,headcount,77.5
2023-07-24,Unit_Hotel,workload_volume,985.1
2023-07-24,Unit_Hotel,leave_usage,12.4
2023-07-24,Unit_Hotel,grievances,0.3
2023-07-24,Unit_Hotel,workers_comp_claims,1.1
2023-07-24,Unit_Hotel,attrition,2.1
2023-07-31,Unit_Hotel,headcount,76.8
2023-07-31,Unit_Hotel,workload_volume,951.0
2023-07-31,Unit_Hotel,leave_usage,12.2
2023-07-31,Unit_Hotel,grievances,1.0
2023-07-31,Unit_Hotel,workers_comp_claims,0.5
2023-07-31,Unit_Hotel,attrition,2.3
2023-08-07,Unit_Hotel,headcount,74.7
2023-08-07,Unit_Hotel,workload_volume,1124.5
2023-08-07,Unit_Hotel,leave_usage,15.5
2023-08-07,Unit_Hotel,grievances,0.0
2023-08-07,Unit_Hotel,workers_comp_claims,1.9
2023-08-07,Unit_Hotel,attrition,3.3
2023-08-14,Unit_Hotel,headcount,74.5
2023-08-14,Unit_Hotel,workload_volume,917.6
2023-08-14,Unit_Hotel,leave_usage,14.6
2023-08-14,Unit_Hotel,grievances,2.2
2023-08-14,Unit_Hotel,workers_comp_claims,0.8
2023-08-14,Unit_Hotel,attrition,1.1
2023-08-21,Unit_Hotel,headcount,72.5
2023-08-21,Unit_Hotel,workload_volume,984.7
2023-08-21,Unit_Hotel,leave_usage,13.0
2023-08-21,Unit_Hotel,grievances,1.3
2023-08-21,Unit_Hotel,workers_comp_claims,0.6
2023-08-21,Unit_Hotel,attrition,2.6
2023-08-28,Unit_Hotel,headcount,78.1
2023-08-28,Unit_Hotel,workload_volume,992.9
2023-08-28,Unit_Hotel,leave_usage,9.3
2023-08-28,Unit_Hotel,grievances,1.9
2023-08-28,Unit_Hotel,workers_comp_claims,0.3
2023-08-28,Unit_Hotel,attrition,1.8
2023-09-04,Unit_Hotel,headcount,75.7
2023-09-04,Unit_Hotel,workload_volume,1051.3
2023-09-04,Unit_Hotel,leave_usage,12.3
2023-09-04,Unit_Hotel,grievances,0.0
2023-09-04,Unit_Hotel,workers_comp_claims,1.3
2023-09-04,Unit_Hotel,attrition,2.4
2023-09-11,Unit_Hotel,headcount,74.3
2023-09-11,Unit_Hotel,workload_volume,1002.2
2023-09-11,Unit_Hotel,leave_usage,16.9
2023-09-11,Unit_Hotel,grievances,1.9
2023-09-11,Unit_Hotel,workers_comp_claims,1.2
2023-09-11,Unit_Hotel,attrition,2.5
2023-09-18,Unit_Hotel,headcount,77.0
2023-09-18,Unit_Hotel,workload_volume,959.4
2023-09-18,Unit_Hotel,leave_usage,12.5
2023-09-18,Unit_Hotel,grievances,2.7
2023-09-18,Unit_Hotel,workers_comp_claims,0.5
2023-09-18,Unit_Hotel,attrition,2.5
2023-09-25,Unit_Hotel,headcount,73.5
2023-09-25,Unit_Hotel,workload_volume,936.9
2023-09-25,Unit_Hotel,leave_usage,14.5
2023-09-25,Unit_Hotel,grievances,0.0
2023-09-25,Unit_Hotel,workers_comp_claims,1.0
2023-09-25,Unit_Hotel,attrition,2.4
2023-10-02,Unit_Hotel,headcount,75.6
2023-10-02,Unit_Hotel,workload_volume,967.4
2023-10-02,Unit_Hotel,leave_usage,15.0
2023-10-02,Unit_Hotel,grievances,1.5
2023-10-02,Unit_Hotel,workers_comp_claims,0.0
2023-10-02,Unit_Hotel,attrition,2.0
2023-10-09,Unit_Hotel,headcount,74.7
2023-10-09,Unit_Hotel,workload_volume,934.2
2023-10-09,Unit_Hotel,leave_usage,13.1
2023-10-09,Unit_Hotel,grievances,0.9
2023-10-09,Unit_Hotel,workers_comp_claims,0.8
2023-10-09,Unit_Hotel,attrition,4.1
2023-10-16,Unit_Hotel,headcount,76.0
2023-10-16,Unit_Hotel,workload_volume,986.9
2023-10-16,Unit_Hotel,leave_usage,11.5
2023-10-16,Unit_Hotel,grievances,0.0
2023-10-16,Unit_Hotel,workers_comp_claims,1.0
2023-10-16,Unit_Hotel,attrition,3.8
2023-10-23,Unit_Hotel,headcount,74.9
2023-10-23,Unit_Hotel,workload_volume,956.3
2023-10-23,Unit_Hotel,leave_usage,9.1
2023-10-23,Unit_Hotel,grievances,1.3
2023-10-23,Unit_Hotel,workers_comp_claims,1.6
2023-10-23,Unit_Hotel,attrition,2.0
2023-10-30,Unit_Hotel,headcount,72.8
2023-10-30,Unit_Hotel,workload_volume,909.8
2023-10-30,Unit_Hotel,leave_usage,13.8
2023-10-30,Unit_Hotel,grievances,1.6
2023-10-30,Unit_Hotel,workers_comp_claims,0.3
2023-10-30,Unit_Hotel,attrition,3.7
2023-11-06,Unit_Hotel,headcount,75.1
2023-11-06,Unit_Hotel,workload_volume,1047.2
2023-11-06,Unit_Hotel,leave_usage,11.6
2023-11-06,Unit_Hotel,grievances,0.4
2023-11-06,Unit_Hotel,workers_comp_claims,0.1
2023-11-06,Unit_Hotel,attrition,2.5
2023-11-13,Unit_Hotel,headcount,76.6
2023-11-13,Unit_Hotel,workload_volume,959.5
2023-11-13,Unit_Hotel,leave_usage,13.1
2023-11-13,Unit_Hotel,grievances,1.8
2023-11-13,Unit_Hotel,workers_comp_claims,0.3
2023-11-13,Unit_Hotel,attrition,2.8
2023-11-20,Unit_Hotel,headcount,75.0
2023-11-20,Unit_Hotel,workload_volume,920.9
2023-11-20,Unit_Hotel,leave_usage,10.9
2023-11-20,Unit_Hotel,grievances,0.0
2023-11-20,Unit_Hotel,workers_comp_claims,0.1
2023-11-20,Unit_Hotel,attrition,2.7
2023-11-27,Unit_Hotel,headcount,76.2
2023-11-27,Unit_Hotel,workload_volume,975.8
2023-11-27,Unit_Hotel,leave_usage,12.4
2023-11-27,Unit_Hotel,grievances,0.0
2023-11-27,Unit_Hotel,workers_comp_claims,1.4
2023-11-27,Unit_Hotel,attrition,2.3
2023-12-04,Unit_Hotel,headcount,73.4
2023-12-04,Unit_Hotel,workload_volume,987.4
2023-12-04,Unit_Hotel,leave_usage,12.8
2023-12-04,Unit_Hotel,grievances,1.0
2023-12-04,Unit_Hotel,workers_comp_claims,1.5
2023-12-04,Unit_Hotel,attrition,3.3
2023-12-11,Unit_Hotel,headcount,75.0
2023-12-11,Unit_Hotel,workload_volume,896.5
2023-12-11,Unit_Hotel,leave_usage,13.2
2023-12-11,Unit_Hotel,grievances,0.9
2023-12-11,Unit_Hotel,workers_comp_claims,0.9
2023-12-11,Unit_Hotel,attrition,2.8
2023-12-18,Unit_Hotel,headcount,74.1
2023-12-18,Unit_Hotel,workload_volume,1000.2
2023-12-18,Unit_Hotel,leave_usage,11.1
2023-12-18,Unit_Hotel,grievances,0.3
2023-12-18,Unit_Hotel,workers_comp_claims,1.3
2023-12-18,Unit_Hotel,attrition,2.4
2023-12-25,Unit_Hotel,headcount,76.1
2023-12-25,Unit_Hotel,workload_volume,931.1
2023-12-25,Unit_Hotel,leave_usage,14.6
2023-12-25,Unit_Hotel,grievances,1.6
2023-12-25,Unit_Hotel,workers_comp_claims,0.8
2023-12-25,Unit_Hotel,attrition,1.9
2024-01-01,Unit_Hotel,headcount,75.0
2024-01-01,Unit_Hotel,workload_volume,1068.8
2024-01-01,Unit_Hotel,leave_usage,11.9
2024-01-01,Unit_Hotel,grievances,1.3
2024-01-01,Unit_Hotel,workers_comp_claims,0.7
2024-01-01,Unit_Hotel,attrition,2.2
2024-01-08,Unit_Hotel,headcount,76.0
2024-01-08,Unit_Hotel,workload_volume,1009.1
2024-01-08,Unit_Hotel,leave_usage,10.2
2024-01-08,Unit_Hotel,grievances,1.6
2024-01-08,Unit_Hotel,workers_comp_claims,0.6
2024-01-08,Unit_Hotel,attrition,1.7
2024-01-15,Unit_Hotel,headcount,76.6
2024-01-15,Unit_Hotel,workload_volume,962.7
2024-01-15,Unit_Hotel,leave_usage,12.6
2024-01-15,Unit_Hotel,grievances,0.8
2024-01-15,Unit_Hotel,workers_comp_claims,0.6
2024-01-15,Unit_Hotel,attrition,2.7
2024-01-22,Unit_Hotel,headcount,76.0
2024-01-22,Unit_Hotel,workload_volume,945.1
2024-01-22,Unit_Hotel,leave_usage,12.8
2024-01-22,Unit_Hotel,grievances,1.4
2024-01-22,Unit_Hotel,workers_comp_claims,0.0
2024-01-22,Unit_Hotel,attrition,2.0
2024-01-29,Unit_Hotel,headcount,75.4
2024-01-29,Unit_Hotel,workload_volume,976.8
2024-01-29,Unit_Hotel,leave_usage,13.0
2024-01-29,Unit_Hotel,grievances,0.5
2024-01-29,Unit_Hotel,workers_comp_claims,0.9
2024-01-29,Unit_Hotel,attrition,2.5
2024-02-05,Unit_Hotel,headcount,73.5
2024-02-05,Unit_Hotel,workload_volume,1012.3
2024-02-05,Unit_Hotel,leave_usage,14.8
2024-02-05,Unit_Hotel,grievances,2.5
2024-02-05,Unit_Hotel,workers_comp_claims,0.7
2024-02-05,Unit_Hotel,attrition,3.5
2024-02-12,Unit_Hotel,headcount,75.0
2024-02-12,Unit_Hotel,workload_volume,980.0
2024-02-12,Unit_Hotel,leave_usage,12.3
2024-02-12,Unit_Hotel,grievances,0.3
2024-02-12,Unit_Hotel,workers_comp_claims,1.1
2024-02-12,Unit_Hotel,attrition,3.4
2024-02-19,Unit_Hotel,headcount,74.2
2024-02-19,Unit_Hotel,workload_volume,970.0
2024-02-19,Unit_Hotel,leave_usage,12.5
2024-02-19,Unit_Hotel,grievances,2.6
2024-02-19,Unit_Hotel,workers_comp_claims,0.8
2024-02-19,Unit_Hotel,attrition,2.7
2024-02-26,Unit_Hotel,headcount,74.5
2024-02-26,Unit_Hotel,workload_volume,983.4
2024-02-26,Unit_Hotel,leave_usage,11.0
2024-02-26,Unit_Hotel,grievances,0.9
2024-02-26,Unit_Hotel,workers_comp_claims,0.6
2024-02-26,Unit_Hotel,attrition,2.7
2024-03-04,Unit_Hotel,headcount,74.4
2024-03-04,Unit_Hotel,workload_volume,949.8
2024-03-04,Unit_Hotel,leave_usage,13.9
2024-03-04,Unit_Hotel,grievances,0.0
2024-03-04,Unit_Hotel,workers_comp_claims,0.3
2024-03-04,Unit_Hotel,attrition,3.8
2024-03-11,Unit_Hotel,headcount,73.5
2024-03-11,Unit_Hotel,workload_volume,962.4
2024-03-11,Unit_Hotel,leave_usage,12.9
2024-03-11,Unit_Hotel,grievances,2.0
2024-03-11,Unit_Hotel,workers_comp_claims,0.8
2024-03-11,Unit_Hotel,attrition,3.0
2024-03-18,Unit_Hotel,headcount,72.1
2024-03-18,Unit_Hotel,workload_volume,874.8
2024-03-18,Unit_Hotel,leave_usage,12.0
2024-03-18,Unit_Hotel,grievances,1.0
2024-03-18,Unit_Hotel,workers_comp_claims,1.1
2024-03-18,Unit_Hotel,attrition,2.5
2024-03-25,Unit_Hotel,headcount,74.0
2024-03-25,Unit_Hotel,workload_volume,1027.3
2024-03-25,Unit_Hotel,leave_usage,9.8
2024-03-25,Unit_Hotel,grievances,1.6
2024-03-25,Unit_Hotel,workers_comp_claims,0.2
2024-03-25,Unit_Hotel,attrition,1.9
2024-04-01,Unit_Hotel,headcount,75.3
2024-04-01,Unit_Hotel,workload_volume,993.0
2024-04-01,Unit_Hotel,leave_usage,14.8
2024-04-01,Unit_Hotel,grievances,1.9
2024-04-01,Unit_Hotel,workers_comp_claims,0.8
2024-04-01,Unit_Hotel,attrition,2.9
2024-04-08,Unit_Hotel,headcount,73.0
2024-04-08,Unit_Hotel,workload_volume,938.8
2024-04-08,Unit_Hotel,leave_usage,10.8
2024-04-08,Unit_Hotel,grievances,1.2
2024-04-08,Unit_Hotel,workers_comp_claims,0.8
2024-04-08,Unit_Hotel,attrition,3.2
2024-04-15,Unit_Hotel,headcount,75.0
2024-04-15,Unit_Hotel,workload_volume,1071.8
2024-04-15,Unit_Hotel,leave_usage,11.7
2024-04-15,Unit_Hotel,grievances,0.4
2024-04-15,Unit_Hotel,workers_comp_claims,0.4
2024-04-15,Unit_Hotel,attrition,2.3
2024-04-22,Unit_Hotel,headcount,77.9
2024-04-22,Unit_Hotel,workload_volume,980.7
2024-04-22,Unit_Hotel,leave_usage,13.1
2024-04-22,Unit_Hotel,grievances,1.7
2024-04-22,Unit_Hotel,workers_comp_claims,0.4
2024-04-22,Unit_Hotel,attrition,2.9
2024-04-29,Unit_Hotel,headcount,76.5
2024-04-29,Unit_Hotel,workload_volume,923.9
2024-04-29,Unit_Hotel,leave_usage,10.8
2024-04-29,Unit_Hotel,grievances,0.9
2024-04-29,Unit_Hotel,workers_comp_claims,0.8
2024-04-29,Unit_Hotel,attrition,2.5
2024-05-06,Unit_Hotel,headcount,77.5
2024-05-06,Unit_Hotel,workload_volume,1017.9
2024-05-06,Unit_Hotel,leave_usage,10.3
2024-05-06,Unit_Hotel,grievances,1.5
2024-05-06,Unit_Hotel,workers_comp_claims,0.2
2024-05-06,Unit_Hotel,attrition,2.6
2024-05-13,Unit_Hotel,headcount,75.6
2024-05-13,Unit_Hotel,workload_volume,994.3
2024-05-13,Unit_Hotel,leave_usage,9.3
2024-05-13,Unit_Hotel,grievances,0.0
2024-05-13,Unit_Hotel,workers_comp_claims,0.9
2024-05-13,Unit_Hotel,attrition,1.2
2024-05-20,Unit_Hotel,headcount,76.8
2024-05-20,Unit_Hotel,workload_volume,993.5
2024-05-20,Unit_Hotel,leave_usage,13.6
2024-05-20,Unit_Hotel,grievances,1.3
2024-05-20,Unit_Hotel,workers_comp_claims,0.3
2024-05-20,Unit_Hotel,attrition,2.6
2024-05-27,Unit_Hotel,headcount,73.9
2024-05-27,Unit_Hotel,workload_volume,951.8
2024-05-27,Unit_Hotel,leave_usage,11.7
2024-05-27,Unit_Hotel,grievances,0.4
2024-05-27,Unit_Hotel,workers_comp_claims,1.3
2024-05-27,Unit_Hotel,attrition,3.3
2024-06-03,Unit_Hotel,headcount,74.0
2024-06-03,Unit_Hotel,workload_volume,994.8
2024-06-03,Unit_Hotel,leave_usage,16.8
2024-06-03,Unit_Hotel,grievances,2.2
2024-06-03,Unit_Hotel,workers_comp_claims,1.9
2024-06-03,Unit_Hotel,attrition,2.3
2024-06-10,Unit_Hotel,headcount,70.9
2024-06-10,Unit_Hotel,workload_volume,958.5
2024-06-10,Unit_Hotel,leave_usage,10.9
2024-06-10,Unit_Hotel,grievances,1.4
2024-06-10,Unit_Hotel,workers_comp_claims,0.3
2024-06-10,Unit_Hotel,attrition,2.7
2024-06-17,Unit_Hotel,headcount,76.8
2024-06-17,Unit_Hotel,workload_volume,998.6
2024-06-17,Unit_Hotel,leave_usage,11.0
2024-06-17,Unit_Hotel,grievances,1.1
2024-06-17,Unit_Hotel,workers_comp_claims,1.0
2024-06-17,Unit_Hotel,attrition,2.3
2024-06-24,Unit_Hotel,headcount,77.3
2024-06-24,Unit_Hotel,workload_volume,874.8
2024-06-24,Unit_Hotel,leave_usage,11.5
2024-06-24,Unit_Hotel,grievances,1.3
2024-06-24,Unit_Hotel,workers_comp_claims,0.4
2024-06-24,Unit_Hotel,attrition,2.9
